provincia,canton,parroquia,CODPAR,code_parroquia_inec,sri_parroquia
AZUAY,CUENCA,BAÑOS,0285,EC010151,2010151
AZUAY,CUENCA,CUMBE,0730,EC010152,2010152
AZUAY,CUENCA,CHAUCHA / ANGAS,0845,EC010153,2010153
AZUAY,CUENCA,CHECA JIDCAY,0860,EC010154,2010154
AZUAY,CUENCA,CHIQUINTAD,0905,EC010155,2010155
AZUAY,CUENCA,LLACAO,2255,EC010156,2010156
AZUAY,CUENCA,MOLLETURO,2430,EC010157,2010157
AZUAY,CUENCA,MULTI / NULTI,2570,EC010158,2010158
AZUAY,CUENCA,OCTAVIO CORDERO PALACIOS,2595,EC010159,2010159
AZUAY,CUENCA,PACCHA,2680,EC010160,2010160
AZUAY,CUENCA,QUINGEO,3105,EC010161,2010161
AZUAY,CUENCA,RICAURTE,3165,EC010162,2010162
AZUAY,CUENCA,SAN JOAQUIN,3460,EC010163,2010163
AZUAY,CUENCA,SANTA ANA,3685,EC010164,2010164
AZUAY,CUENCA,SAYAUSI,3795,EC010165,2010165
AZUAY,CUENCA,SIDCAY,3850,EC010166,2010166
AZUAY,CUENCA,SININCAY,3870,EC010167,2010167
AZUAY,CUENCA,TARQUI,3980,EC010168,2010168
AZUAY,CUENCA,TURI,4095,EC010169,2010169
AZUAY,CUENCA,VALLE,4200,EC010170,2010170
AZUAY,CUENCA,VICTORIA DEL PORTETE,4225,EC010171,2010171
AZUAY,GIRON,ASUNCION,0175,EC010251,2010251
AZUAY,GIRON,SAN GERARDO,0885,EC010252,2010252
AZUAY,GUALACEO,DANIEL CORDOVA TORAL,1005,EC010352,2010352
AZUAY,GUALACEO,JADAN,1805,EC010353,2010353
AZUAY,GUALACEO,MARIANO MORENO / CALLASAY,2385,EC010354,2010354
AZUAY,GUALACEO,REMIGIO CRESPO TORAL,3160,EC010356,2010356
AZUAY,GUALACEO,SAN JUAN,3505,EC010357,2010357
AZUAY,GUALACEO,ZHIDMAD,4340,EC010358,2010358
AZUAY,GUALACEO,LUIS CORDERO VEGA,1760,EC010359,2010359
AZUAY,GUALACEO,SIMON BOLIVAR,3780,EC010360,2010360
AZUAY,NABON,COCHAPATA,0575,EC010451,2010451
AZUAY,NABON,EL PROGRESO,1175,EC010452,2010452
AZUAY,NABON,NIEVES,2550,EC010453,2010453
AZUAY,PAUTE,BULAN / J. VICTOR IZQUIERDO,0395,EC010552,2010552
AZUAY,PAUTE,CHICAN /GUILLERMO ORTEGA,0870,EC010553,2010553
AZUAY,PAUTE,EL CABO,4565,EC010554,2010554
AZUAY,PAUTE,GUARAINAC,1455,EC010556,2010556
AZUAY,PAUTE,SAN CRISTOBAL,3375,EC010559,2010559
AZUAY,PAUTE,TOMEBAMBA,4050,EC010561,2010561
AZUAY,PAUTE,DUG-DUG,0890,EC010562,2010562
AZUAY,PUCARA,SAN RAFAEL DE SHARUG,1690,EC010652,2010652
AZUAY,SAN FERNANDO,CHUMBIN,4560,EC010751,2010751
AZUAY,SANTA ISABEL,ABDON CALDERON / LA UNION,0015,EC010851,2010851
AZUAY,CAMILO PONCE ENRIQUEZ,EL CARMEN DE PIJILI,1130,EC010852,2010852
AZUAY,SANTA ISABEL,SHAGLLI,3835,EC010853,2010853
AZUAY,SANTA ISABEL,SAN SALVADOR DE CAÑARIBAMBA,4610,EC010854,2010854
AZUAY,SIGSIG,CUTCHIL,0750,EC010951,2010951
AZUAY,SIGSIG,GIMA,1355,EC010952,2010952
AZUAY,SIGSIG,GUEL,1490,EC010953,2010953
AZUAY,SIGSIG,LUDO,2215,EC010954,2010954
AZUAY,SIGSIG,SAN BARTOLOME,3360,EC010955,2010955
AZUAY,SIGSIG,SAN JOSE DE RARANGA,3495,EC010956,2010956
AZUAY,OÑA,SUSUDEL,1540,EC011051,2011051
AZUAY,CHORDELEG,PRINCIPAL,2950,EC011151,2011151
AZUAY,CHORDELEG,LA UNION,1535,EC011152,2011152
AZUAY,CHORDELEG,LUIS GALARZA O. (DELEGSOL),1585,EC011153,2011153
AZUAY,CHORDELEG,SAN MARTIN DE PUZHIO,1575,EC011154,2011154
AZUAY,EL PAN,SAN VICENTE,1650,EC011253,2011253
AZUAY,SEVILLA DE ORO,AMALUZA,0085,EC011351,2011351
AZUAY,SEVILLA DE ORO,PALMAS,2725,EC011352,2011352
CAÑAR,AZOGUES,COJITAMBO,0585,EC030151,2030151
CAÑAR,AZOGUES,GUAPAN,1445,EC030153,2030153
CAÑAR,AZOGUES,JAVIER LOYOLA / CHUQUIPATA,1825,EC030154,2030154
CAÑAR,AZOGUES,LUIS CORDERO,2220,EC030155,2030155
CAÑAR,AZOGUES,PINDILIG,2885,EC030156,2030156
CAÑAR,AZOGUES,RIVERA,3210,EC030157,2030157
CAÑAR,AZOGUES,SAN MIGUEL,3575,EC030158,2030158
CAÑAR,AZOGUES,TADAY,3945,EC030160,2030160
CAÑAR,BIBLIAN,NAZON,2545,EC030251,2030251
CAÑAR,BIBLIAN,SAN FCO. DE SAGEO,3410,EC030252,2030252
CAÑAR,BIBLIAN,TURUPAMBA,4100,EC030253,2030253
CAÑAR,BIBLIAN,JERUSALEN,1085,EC030254,2030254
CAÑAR,CAÑAR,CHONTAMARCA,0935,EC030351,2030351
CAÑAR,CAÑAR,CHOROCOPTE,0950,EC030352,2030352
CAÑAR,CAÑAR,GRAL. MORALES / SOCARTE,1335,EC030353,2030353
CAÑAR,CAÑAR,GUALLETURO,1410,EC030354,2030354
CAÑAR,CAÑAR,HONORATO VASQUEZ,1605,EC030355,2030355
CAÑAR,CAÑAR,INGAPIRCA,1725,EC030356,2030356
CAÑAR,CAÑAR,JUNCAL,1900,EC030357,2030357
CAÑAR,CAÑAR,SAN ANTONIO,3305,EC030358,2030358
CAÑAR,CAÑAR,ZHUD,4345,EC030361,2030361
CAÑAR,CAÑAR,VENTURA,1775,EC030362,2030362
CAÑAR,CAÑAR,DUCUR,1895,EC030363,2030363
CAÑAR,LA TRONCAL,MANUEL J. CALLE,2365,EC030451,2030451
CAÑAR,LA TRONCAL,PANCHO NEGRO,2745,EC030452,2030452
CAÑAR,DELEG,SOLANO,3875,EC030651,2030651
COTOPAXI,LATACUNGA,ALAQUEZ,0035,EC050151,2050151
COTOPAXI,LATACUNGA,BELISARIO QUEVEDO,0315,EC050152,2050152
COTOPAXI,LATACUNGA,GUAYTACAMA,1485,EC050153,2050153
COTOPAXI,LATACUNGA,JOSEGUANGO BAJO,1905,EC050154,2050154
COTOPAXI,LATACUNGA,MULALO,2480,EC050156,2050156
COTOPAXI,LATACUNGA,11 DE NOVIEMBRE,2620,EC050157,2050157
COTOPAXI,LATACUNGA,POALO,2920,EC050158,2050158
COTOPAXI,LATACUNGA,SAN JUAN DE PASTOCALLE,3530,EC050159,2050159
COTOPAXI,LATACUNGA,TANICUCHI,3965,EC050161,2050161
COTOPAXI,LATACUNGA,TOACAZO,4035,EC050162,2050162
COTOPAXI,LA MANA,GUASAGANDA,1500,EC050251,2050251
COTOPAXI,LA MANA,PUCAYACO,2965,EC050252,2050252
COTOPAXI,PANGUA,MORASPUNGO,2460,EC050351,2050351
COTOPAXI,PANGUA,PINLLOPATA,2890,EC050352,2050352
COTOPAXI,PANGUA,RAMON CAMPAÑA,3155,EC050353,2050353
COTOPAXI,PUJILI,ANGAMARCA,0125,EC050451,2050451
COTOPAXI,PUJILI,GUANGAJE,1430,EC050453,2050453
COTOPAXI,PUJILI,LA VICTORIA,2150,EC050455,2050455
COTOPAXI,PUJILI,PILALO,2865,EC050456,2050456
COTOPAXI,PUJILI,TINGO,4015,EC050457,2050457
COTOPAXI,PUJILI,ZUMBAHUA,4365,EC050458,2050458
COTOPAXI,SALCEDO,ANTONIO J. HOLGUIN,0135,EC050551,2050551
COTOPAXI,SALCEDO,CUSUBAMBA,0745,EC050552,2050552
COTOPAXI,SALCEDO,MULALILLO,2475,EC050553,2050553
COTOPAXI,SALCEDO,MULLIQUINDIL,2490,EC050554,2050554
COTOPAXI,SALCEDO,PANZALEO,2760,EC050555,2050555
COTOPAXI,SAQUISILI,CANCHAGUA,0465,EC050651,2050651
COTOPAXI,SAQUISILI,CHANTILIN,0830,EC050652,2050652
COTOPAXI,SAQUISILI,COCHAPAMBA,0990,EC050653,2050653
COTOPAXI,SIGCHOS,CHUGCHILAN,0960,EC050751,2050751
COTOPAXI,SIGCHOS,ISINLIVI,1735,EC050752,2050752
COTOPAXI,SIGCHOS,LAS PAMPAS,2115,EC050753,2050753
COTOPAXI,SIGCHOS,PALO QUEMADO,0815,EC050754,2050754
CHIMBORAZO,ALAUSI,ACHUPALLAS,0020,EC060251,2060251
CHIMBORAZO,ALAUSI,GUASUNTOS,1465,EC060253,2060253
CHIMBORAZO,ALAUSI,HUIGRA,1660,EC060254,2060254
CHIMBORAZO,ALAUSI,MULTITUD,2485,EC060255,2060255
CHIMBORAZO,ALAUSI,PISTISHI,2905,EC060256,2060256
CHIMBORAZO,ALAUSI,PUMALLACTA,3025,EC060257,2060257
CHIMBORAZO,ALAUSI,SEVILLA,3820,EC060258,2060258
CHIMBORAZO,ALAUSI,SIBAMBE,3845,EC060259,2060259
CHIMBORAZO,ALAUSI,TIXAN,4030,EC060260,2060260
CHIMBORAZO,COLTA,CANI,0500,EC060351,2060351
CHIMBORAZO,COLTA,COLUMBE,0610,EC060352,2060352
CHIMBORAZO,COLTA,JUAN DE VELASCO / PONGOR,1865,EC060353,2060353
CHIMBORAZO,COLTA,SANTIAGO DE QUITO,4430,EC060354,2060354
CHIMBORAZO,CHUNCHI,CAPZOL,0515,EC060551,2060551
CHIMBORAZO,CHUNCHI,COMPUD,0615,EC060552,2060552
CHIMBORAZO,CHUNCHI,GONZOL,1370,EC060553,2060553
CHIMBORAZO,CHUNCHI,LLAGOS,2260,EC060554,2060554
CHIMBORAZO,GUAMOTE,CEBADAS,0555,EC060651,2060651
CHIMBORAZO,GUAMOTE,PALMIRA,2730,EC060652,2060652
CHIMBORAZO,GUANO,GUANANDO,1415,EC060751,2060751
CHIMBORAZO,GUANO,ILAPO,1705,EC060752,2060752
CHIMBORAZO,GUANO,LA PROVIDENCIA,2080,EC060753,2060753
CHIMBORAZO,GUANO,SAN ANDRES,3295,EC060754,2060754
CHIMBORAZO,GUANO,SAN GERARDO / PAQUICAHUAN,3425,EC060755,2060755
CHIMBORAZO,GUANO,SAN ISIDRO DE PATULU,3450,EC060756,2060756
CHIMBORAZO,GUANO,SAN JOSE DEL CHAZO,0045,EC060757,2060757
CHIMBORAZO,GUANO,SANTA FE DE GALAN,0040,EC060758,2060758
CHIMBORAZO,GUANO,VALPARAISO,0410,EC060759,2060759
CHIMBORAZO,PENIPE,EL ALTAR,1110,EC060951,2060951
CHIMBORAZO,PENIPE,MATUS,2400,EC060952,2060952
CHIMBORAZO,PENIPE,PUELA,2975,EC060953,2060953
CHIMBORAZO,PENIPE,SAN ANTONIO DE BAYUSHIG,3335,EC060954,2060954
CHIMBORAZO,PENIPE,LA CANDELARIA,0925,EC060955,2060955
CHIMBORAZO,PENIPE,BILBAO,1325,EC060956,2060956
EL ORO,MACHALA,EL RETIRO,0255,EC070152,1070152
EL ORO,ARENILLAS,CHACRAS,0805,EC070251,1070251
EL ORO,ARENILLAS,PALMALES,2715,EC070254,1070254
EL ORO,ARENILLAS,CARCABON,1695,EC070255,1070255
EL ORO,ARENILLAS,LA CUCA,4650,EC070256,1070256
EL ORO,ATAHUALPA,AYAPAMBA,0225,EC070351,1070351
EL ORO,ATAHUALPA,CORDONCILLO,4480,EC070352,1070352
EL ORO,ATAHUALPA,MILAGRO,4535,EC070353,1070353
EL ORO,ATAHUALPA,SAN JOSE,4530,EC070354,1070354
EL ORO,ATAHUALPA,SAN JUAN DE CERRO AZUL,0375,EC070355,1070355
EL ORO,BALSAS,BELLAMARIA,1975,EC070451,1070451
EL ORO,EL GUABO,BARBONES,0300,EC070651,1070651
EL ORO,EL GUABO,LA IBERIA,0245,EC070652,1070652
EL ORO,EL GUABO,TENDALES,4000,EC070653,1070653
EL ORO,EL GUABO,RIO BONITO,2050,EC070654,1070654
EL ORO,MARCABELI,EL INGENIO,0160,EC070851,1070851
EL ORO,PASAJE,BUENAVISTA,0390,EC070951,1070951
EL ORO,PASAJE,CASACAY,4495,EC070952,1070952
EL ORO,PASAJE,LA PEAÑA,2075,EC070953,1070953
EL ORO,PASAJE,PROGRESO,1225,EC070954,1070954
EL ORO,PASAJE,UZHCURRUMI,4160,EC070955,1070955
EL ORO,PASAJE,CAÑAQUEMADA,0775,EC070956,1070956
EL ORO,PIÑAS,CAPIRO,0505,EC071051,1071051
EL ORO,PIÑAS,LA BOCANA,2230,EC071052,1071052
EL ORO,PIÑAS,MOROMORO,2465,EC071053,1071053
EL ORO,PIÑAS,PIEDRAS,2850,EC071054,1071054
EL ORO,PIÑAS,SAN ROQUE,3650,EC071055,1071055
EL ORO,PIÑAS,SARACAY,1385,EC071056,1071056
EL ORO,PORTOVELO,CURTINCAPAC,0740,EC071151,1071151
EL ORO,PORTOVELO,MORALES,4520,EC071152,1071152
EL ORO,PORTOVELO,SALATI,3275,EC071153,1071153
EL ORO,SANTA ROSA,BELLAVISTA,0325,EC071251,1071251
EL ORO,SANTA ROSA,JAMBELI,1815,EC071252,1071252
EL ORO,SANTA ROSA,LA AVANZADA,2005,EC071253,1071253
EL ORO,SANTA ROSA,SAN ANTONIO,3330,EC071254,1071254
EL ORO,SANTA ROSA,TORATA,4525,EC071255,1071255
EL ORO,SANTA ROSA,VICTORIA,4215,EC071256,1071256
EL ORO,SANTA ROSA,BELLAMARIA,1665,EC071257,1071257
EL ORO,ZARUMA,ABANIN,0005,EC071351,1071351
EL ORO,ZARUMA,ARCAPAMBA,4445,EC071352,1071352
EL ORO,ZARUMA,GUANAZAN,1420,EC071353,1071353
EL ORO,ZARUMA,GUIZHAGUIÑA,1425,EC071354,1071354
EL ORO,ZARUMA,HUERTAS,1655,EC071355,1071355
EL ORO,ZARUMA,MALVAS,2350,EC071356,1071356
EL ORO,ZARUMA,MULUNCAY GRANDE,4450,EC071357,1071357
EL ORO,ZARUMA,SINSAO,1700,EC071358,1071358
EL ORO,ZARUMA,SALVIAS,1750,EC071359,1071359
EL ORO,LAS LAJAS,LA LIBERTAD,1100,EC071451,1071451
EL ORO,LAS LAJAS,EL PARAISO,1080,EC071452,1071452
EL ORO,LAS LAJAS,SAN ISIDRO,1075,EC071453,1071453
GUAYAS,GUAYAQUIL,JUAN GOMEZ RENDON,1870,EC090152,1090152
GUAYAS,GUAYAQUIL,MORRO,2470,EC090153,1090153
GUAYAS,GUAYAQUIL,POSORJA,2940,EC090156,1090156
GUAYAS,GUAYAQUIL,PUNA,3030,EC090157,1090157
GUAYAS,GUAYAQUIL,TENGUEL,4120,EC090158,1090158
GUAYAS,COLIMES,SAN JACINTO,1435,EC090551,1090551
GUAYAS,DAULE,JUAN BAUTISTA AGUIRRE,1855,EC090606,1090606
GUAYAS,DAULE,EL LAUREL,4500,EC090653,1090653
GUAYAS,DAULE,LIMONAL,0260,EC090654,1090654
GUAYAS,DAULE,LAS LOJAS,2105,EC090656,1090656
GUAYAS,EL EMPALME,GUAYAS / PUERTO NUEVO,1470,EC090851,1090851
GUAYAS,EL EMPALME,EL ROSARIO,1640,EC090852,1090852
GUAYAS,MILAGRO,CHOBO,0920,EC091051,1091051
GUAYAS,MILAGRO,MARISCAL SUCRE / HUAQUES,2390,EC091053,1091053
GUAYAS,MILAGRO,ROBERTO ASTUDILLO,3235,EC091054,1091054
GUAYAS,NARANJAL,JESUS MARIA,1830,EC091151,1091151
GUAYAS,NARANJAL,SAN CARLOS,3370,EC091152,1091152
GUAYAS,NARANJAL,SANTA ROSA DE FLANDES,3740,EC091153,1091153
GUAYAS,NARANJAL,TAURA,3990,EC091154,1091154
GUAYAS,PEDRO CARBO,VALLE DE LA VIRGEN,0185,EC091451,1091451
GUAYAS,PEDRO CARBO,SABANILLA,1670,EC091452,1091452
GUAYAS,SAMBORONDON,TARIFA,3975,EC091651,1091651
GUAYAS,SALITRE,GRAL. VERNAZA,1350,EC091951,1091951
GUAYAS,SALITRE,VICTORIA,4220,EC091952,1091952
GUAYAS,SALITRE,JUNQUILLAL,1595,EC091953,1091953
GUAYAS,YAGUACHI,GRAL. PEDRO MONTERO,1340,EC092053,1092053
GUAYAS,YAGUACHI,YAGUACHI VIEJO / CONE,4275,EC092055,1092055
GUAYAS,YAGUACHI,VIRGEN DE FATIMA,1915,EC092056,1092056
GUAYAS,SIMON BOLIVAR,CRNEL. LORENZO GARAICOA,0660,EC092251,1092251
LOJA,LOJA,CHANTACO,4475,EC110151,2110151
LOJA,LOJA,CHUQUIRIBAMBA,0975,EC110152,2110152
LOJA,LOJA,EL CISNE,1135,EC110153,2110153
LOJA,LOJA,GUALEL,1405,EC110154,2110154
LOJA,LOJA,JIMBILLA,1840,EC110155,2110155
LOJA,LOJA,MALACATOS / VALLADOLID,2325,EC110156,2110156
LOJA,LOJA,SAN LUCAS,3555,EC110157,2110157
LOJA,LOJA,SAN PEDRO DE VILCABAMBA,4540,EC110158,2110158
LOJA,LOJA,SANTIAGO,3770,EC110159,2110159
LOJA,LOJA,TAQUIL / MIGUEL RIOFRIO,3970,EC110160,2110160
LOJA,LOJA,VILCABAMBA / VICTORIA,4235,EC110161,2110161
LOJA,LOJA,YANGANA / ARSENIO CASTILLO,4280,EC110162,2110162
LOJA,LOJA,QUINARA,1780,EC110163,2110163
LOJA,CALVAS,COLAIZACA,0590,EC110251,2110251
LOJA,CALVAS,EL LUCERO,1230,EC110252,2110252
LOJA,CALVAS,UTUANA,4150,EC110253,2110253
LOJA,CALVAS,SANGUILLIN,1550,EC110254,2110254
LOJA,CATAMAYO,EL TAMBO,1200,EC110351,2110351
LOJA,CATAMAYO,GUAYQUICHUMA,1480,EC110352,2110352
LOJA,CATAMAYO,SAN PEDRO DE LA BENDITA,3610,EC110353,2110353
LOJA,CATAMAYO,ZAMBI,4455,EC110354,2110354
LOJA,CELICA,CRUZPAMBA/BUSTAMANTE,0695,EC110451,2110451
LOJA,CELICA,SAN JUAN DE POZUL,3535,EC110455,2110455
LOJA,CELICA,SABANILLA,3255,EC110456,2110456
LOJA,CELICA,TNTE M. RODRIGUEZ LOAYZA,1495,EC110457,2110457
LOJA,CHAGUARPAMBA,BUENAVISTA,0385,EC110551,2110551
LOJA,CHAGUARPAMBA,EL ROSARIO,1180,EC110552,2110552
LOJA,CHAGUARPAMBA,SANTA RUFINA,3755,EC110553,2110553
LOJA,CHAGUARPAMBA,AMARILLOS,1450,EC110554,2110554
LOJA,ESPINDOLA,BELLAVISTA,0320,EC110651,2110651
LOJA,ESPINDOLA,JIMBURA,1845,EC110652,2110652
LOJA,ESPINDOLA,SANTA TERESITA,3765,EC110653,2110653
LOJA,ESPINDOLA,27 DE ABRIL / LA NARANJA,4460,EC110654,2110654
LOJA,ESPINDOLA,EL INGENIO,0790,EC110655,2110655
LOJA,ESPINDOLA,EL AIRO,1645,EC110656,2110656
LOJA,GONZANAMA,CHANGAIMNA / LA LIBERTAD,0825,EC110751,2110751
LOJA,GONZANAMA,NAMBACOLA,2520,EC110753,2110753
LOJA,GONZANAMA,PURUNUMA / EGUIGUREN,3045,EC110754,2110754
LOJA,GONZANAMA,SACAPALCA,3270,EC110756,2110756
LOJA,MACARA,LA RAMA,2085,EC110851,2110851
LOJA,MACARA,LA VICTORIA,2145,EC110852,2110852
LOJA,MACARA,SABIANGO,3265,EC110853,2110853
LOJA,PALTAS,CANGONAMA,0485,EC110951,2110951
LOJA,PALTAS,GUACHANAMA,1380,EC110952,2110952
LOJA,PALTAS,LAURO GUERRERO,2140,EC110954,2110954
LOJA,PALTAS,ORIANGA,2630,EC110956,2110956
LOJA,PALTAS,SAN ANTONIO,0545,EC110957,2110957
LOJA,PALTAS,CASANGA,0995,EC110958,2110958
LOJA,PALTAS,YAMANA,1000,EC110959,2110959
LOJA,PUYANGO,CIANO,0565,EC111051,2111051
LOJA,PUYANGO,EL ARENAL,0270,EC111052,2111052
LOJA,PUYANGO,EL LIMO / MARIANA DE JESUS,1155,EC111053,2111053
LOJA,PUYANGO,MERCADILLO,2405,EC111054,2111054
LOJA,PUYANGO,VICENTINO,4210,EC111055,2111055
LOJA,SARAGURO,EL PARAISO DE CELEN,1165,EC111151,2111151
LOJA,SARAGURO,EL TABLON,1190,EC111152,2111152
LOJA,SARAGURO,LLUZHAPA,2280,EC111153,2111153
LOJA,SARAGURO,MANU,2360,EC111154,2111154
LOJA,SARAGURO,SAN ANTONIO DE CUMBE,3340,EC111155,2111155
LOJA,SARAGURO,SAN PABLO DE TENTA,3600,EC111156,2111156
LOJA,SARAGURO,SAN SEBASTIAN DE YULOG,3665,EC111157,2111157
LOJA,SARAGURO,SELVA ALEGRE,3815,EC111158,2111158
LOJA,SARAGURO,URDANETA / PAQUISHAPA,4145,EC111159,2111159
LOJA,SARAGURO,SUMAYPAMBA,0310,EC111160,2111160
LOJA,SOZORANGA,NUEVA FATIMA,2575,EC111251,2111251
LOJA,SOZORANGA,TACAMOROS,3935,EC111252,2111252
LOJA,ZAPOTILLO,MANGAHURCO,0550,EC111351,2111351
LOJA,ZAPOTILLO,GARZAREAL,0290,EC111352,2111352
LOJA,ZAPOTILLO,LIMONES,0280,EC111353,2111353
LOJA,ZAPOTILLO,PALETILLAS,2710,EC111354,2111354
LOJA,ZAPOTILLO,BOLASPAMBA,2000,EC111355,2111355
LOJA,ZAPOTILLO,CAZADEROS,4605,EC111356,2111356
LOJA,PINDAL,CHAQUINAL,0835,EC111451,2111451
LOJA,PINDAL,12 DE DICIEMBRE,1035,EC111452,2111452
LOJA,PINDAL,MILAGROS,4545,EC111453,2111453
LOJA,QUILANGA,FUNDOCHAMBA,0360,EC111551,2111551
LOJA,QUILANGA,SAN ANTONIO DE LAS ARADAS,3345,EC111552,2111552
LOJA,OLMEDO,LA TINGUE,2120,EC111651,2111651
LOS RIOS,BABAHOYO,CARACOL,0520,EC120152,1120152
LOS RIOS,BABAHOYO,FEBRES CORDERO,1265,EC120153,1120153
LOS RIOS,BABAHOYO,PIMOCHA,2875,EC120154,1120154
LOS RIOS,BABAHOYO,LA UNION,1525,EC120155,1120155
LOS RIOS,BABA,GUARE,1460,EC120251,1120251
LOS RIOS,BABA,ISLA DE BEJUCAL,1740,EC120252,1120252
LOS RIOS,MONTALVO,LA ESMERALDA,4615,EC120351,1120351
LOS RIOS,PUEBLO VIEJO,PUERTO PECHICHE,3015,EC120451,1120451
LOS RIOS,PUEBLO VIEJO,SAN JUAN,3510,EC120452,1120452
LOS RIOS,QUEVEDO,SAN CARLOS,4425,EC120553,1120553
LOS RIOS,QUEVEDO,LA ESPERANZA,4420,EC120555,1120555
LOS RIOS,URDANETA,RICAURTE,3175,EC120651,1120651
LOS RIOS,VENTANAS,ZAPOTAL,4330,EC120752,1120752
LOS RIOS,VENTANAS,CHACARITA,4590,EC120753,1120753
LOS RIOS,VENTANAS,LOS ANGELES,4585,EC120754,1120754
LOS RIOS,VINCES,ANTONIO SOTOMAYOR,0140,EC120851,1120851
LOS RIOS,BUENA FE,PATRICIA PILAR,0150,EC121051,1121051
MANABI,PORTOVIEJO,ABDON CALDERON,0010,EC130151,1130151
MANABI,PORTOVIEJO,ALHAJUELA / BAJO GRANDE,0050,EC130152,1130152
MANABI,PORTOVIEJO,CRUCITA,0770,EC130153,1130153
MANABI,PORTOVIEJO,PUEBLO NUEVO,2970,EC130154,1130154
MANABI,PORTOVIEJO,RIO CHICO,3185,EC130155,1130155
MANABI,PORTOVIEJO,SAN PLACIDO,3625,EC130156,1130156
MANABI,PORTOVIEJO,CHIRIJOS,1925,EC130157,1130157
MANABI,BOLIVAR,MEMBRILLO,0240,EC130251,1130251
MANABI,BOLIVAR,QUIROGA,3110,EC130252,1130252
MANABI,CHONE,BOYACA,0380,EC130351,1130351
MANABI,CHONE,CANUTO,0495,EC130352,1130352
MANABI,CHONE,CONVENTO,0640,EC130353,1130353
MANABI,CHONE,CHIBUNGA,0405,EC130354,1130354
MANABI,CHONE,ELOY ALFARO,1160,EC130355,1130355
MANABI,CHONE,RICAURTE,3170,EC130356,1130356
MANABI,CHONE,SAN ANTONIO / DEL PELUDO,3350,EC130357,1130357
MANABI,EL CARMEN,WILFRIDO LOOR MOREIRA,1070,EC130451,1130451
MANABI,EL CARMEN,SAN PEDRO DE SUMA,1980,EC130452,1130452
MANABI,EL CARMEN,SANTA MARIA,3632,EC130453,1130453
MANABI,EL CARMEN,EL PARAISO / LA 14,3635,EC130454,1130454
MANABI,FLAVIO ALFARO,NOVILLO,1600,EC130551,1130551
MANABI,FLAVIO ALFARO,ZAPALLO,1620,EC130552,1130552
MANABI,JIPIJAPA,AMERICA / LA CERA,0105,EC130651,1130651
MANABI,JIPIJAPA,EL ANEGADO,1115,EC130652,1130652
MANABI,JIPIJAPA,JULCUY,1880,EC130653,1130653
MANABI,JIPIJAPA,LA UNION,0560,EC130654,1130654
MANABI,JIPIJAPA,MEMBRILLAL,4490,EC130656,1130656
MANABI,JIPIJAPA,PEDRO PABLO GOMEZ,2810,EC130657,1130657
MANABI,JIPIJAPA,PUERTO CAYO,2990,EC130658,1130658
MANABI,MANTA,SAN LORENZO,3550,EC130851,1130851
MANABI,MANTA,SANTA MARIANITA,1800,EC130852,1130852
MANABI,MONTECRISTI,LA PILA,1545,EC130952,1130952
MANABI,PAJAN,CAMPOZANO,0460,EC131051,1131051
MANABI,PAJAN,CASCOL,0540,EC131052,1131052
MANABI,PAJAN,GUALE / STO. DOMINGO,1395,EC131053,1131053
MANABI,PAJAN,LASCANO,2090,EC131054,1131054
MANABI,PICHINCHA,BARRAGANETE,1065,EC131151,1131151
MANABI,PICHINCHA,SAN SEBASTIAN,1060,EC131152,1131152
MANABI,SANTA ANA,AYACUCHO,0220,EC131351,1131351
MANABI,SANTA ANA,HONORATO VASQUEZ,1610,EC131352,1131352
MANABI,SANTA ANA,LA UNION,2135,EC131353,1131353
MANABI,SANTA ANA,SAN PABLO,1105,EC131355,1131355
MANABI,SUCRE,CHARAPOTO,0840,EC131453,1131453
MANABI,SUCRE,SAN ISIDRO,3445,EC131457,1131457
MANABI,TOSAGUA,BACHILLERO,0265,EC131551,1131551
MANABI,TOSAGUA,ANGEL PEDRO GILER,2030,EC131552,1131552
MANABI,24 DE MAYO,BELLAVISTA,0330,EC131651,1131651
MANABI,24 DE MAYO,NOBOA,2555,EC131652,1131652
MANABI,24 DE MAYO,ARQ. SIXTO DURAN BALLEN,1570,EC131653,1131653
MANABI,PEDERNALES,COJIMIES,0580,EC131751,1131751
MANABI,PEDERNALES,10 DE AGOSTO,1030,EC131752,1131752
MANABI,PEDERNALES,ATAHUALPA,0785,EC131753,1131753
MANABI,PUERTO LOPEZ,MACHALILLA,2305,EC131951,1131951
MANABI,PUERTO LOPEZ,SALANGO,1920,EC131952,1131952
MANABI,SAN VICENTE,CANOA,0470,EC132251,1132251
MORONA SANTIAGO,MORONA,ALSHI / 9 DE OCTUBRE,0065,EC140151,3140151
MORONA SANTIAGO,MORONA,GRAL. PROAÑO,1345,EC140153,3140153
MORONA SANTIAGO,MORONA,SAN ISIDRO,3440,EC140156,3140156
MORONA SANTIAGO,MORONA,SEVILLA DON BOSCO,3830,EC140157,3140157
MORONA SANTIAGO,MORONA,SINAI,4485,EC140158,3140158
MORONA SANTIAGO,MORONA,ZUNAC,4360,EC140160,3140160
MORONA SANTIAGO,MORONA,CUCHAENTZA,1250,EC140162,3140162
MORONA SANTIAGO,MORONA,RIO BLANCO,1730,EC140164,3140164
MORONA SANTIAGO,GUALAQUIZA,AMAZONAS,0090,EC140251,3140251
MORONA SANTIAGO,GUALAQUIZA,BERMEJOS,0340,EC140252,3140252
MORONA SANTIAGO,GUALAQUIZA,BOMBOIZA,0350,EC140253,3140253
MORONA SANTIAGO,GUALAQUIZA,CHIGUINDA,0880,EC140254,3140254
MORONA SANTIAGO,GUALAQUIZA,ROSARIO,3225,EC140255,3140255
MORONA SANTIAGO,GUALAQUIZA,NUEVA TARQUI,2565,EC140256,3140256
MORONA SANTIAGO,GUALAQUIZA,SAN MIGUEL DE CUYES,3580,EC140257,3140257
MORONA SANTIAGO,GUALAQUIZA,EL IDEAL,1910,EC140258,3140258
MORONA SANTIAGO,LIMON INDANZA,INDANZA,1720,EC140351,3140351
MORONA SANTIAGO,LIMON INDANZA,SAN ANTONIO,3320,EC140353,3140353
MORONA SANTIAGO,LIMON INDANZA,SAN MIGUEL DE CONCHAY,3250,EC140356,3140356
MORONA SANTIAGO,LIMON INDANZA,SANTA SUSANA DE CHIVIAZA,3760,EC140357,3140357
MORONA SANTIAGO,LIMON INDANZA,YUNGANZA 7 EL ROSARIO,4305,EC140358,3140358
MORONA SANTIAGO,PALORA,ARAPICOS,0155,EC140451,3140451
MORONA SANTIAGO,PALORA,CUMANDA,0715,EC140452,3140452
MORONA SANTIAGO,PALORA,SANGAY,3420,EC140454,3140454
MORONA SANTIAGO,PALORA,16 DE AGOSTO,1685,EC140455,3140455
MORONA SANTIAGO,SANTIAGO,COPAL,0645,EC140551,3140551
MORONA SANTIAGO,SANTIAGO,CHUPIANZA,0970,EC140552,3140552
MORONA SANTIAGO,SANTIAGO,PATUCA,2795,EC140553,3140553
MORONA SANTIAGO,SANTIAGO,SAN LUIS DEL ACHO,3565,EC140554,3140554
MORONA SANTIAGO,SANTIAGO,TAYUZA,4115,EC140556,3140556
MORONA SANTIAGO,SANTIAGO,SAN FCO. DE CHINIMBIMI,1365,EC140557,3140557
MORONA SANTIAGO,SUCUA,ASUNCION,0180,EC140651,3140651
MORONA SANTIAGO,SUCUA,HUAMBI,1635,EC140652,3140652
MORONA SANTIAGO,SUCUA,SANTA MARIANITA DE JESUS,1140,EC140655,3140655
MORONA SANTIAGO,HUAMBOYA,CHIGUAZA,0875,EC140751,3140751
MORONA SANTIAGO,SAN JUAN BOSCO,PAN DE AZUCAR,2750,EC140851,3140851
MORONA SANTIAGO,SAN JUAN BOSCO,SAN CARLOS DE LIMON,3920,EC140852,3140852
MORONA SANTIAGO,SAN JUAN BOSCO,SAN JACINTO DE WAKAMBEIS,0710,EC140853,3140853
MORONA SANTIAGO,SAN JUAN BOSCO,SANTIAGO DE PANANZA,1785,EC140854,3140854
MORONA SANTIAGO,TAISHA,HUASAGA /WAMPUIK,0595,EC140951,3140951
MORONA SANTIAGO,TAISHA,MACUMA,2285,EC140952,3140952
MORONA SANTIAGO,TAISHA,TUTINENTZA,1205,EC140953,3140953
MORONA SANTIAGO,TAISHA,PUMPUENTSA,4575,EC140954,3140954
MORONA SANTIAGO,LOGROÑO,YAUPI,4300,EC141051,3141051
MORONA SANTIAGO,LOGROÑO,SHIMPIS,0525,EC141052,3141052
MORONA SANTIAGO,TIWINTZA,SAN JOSE DE MORONA,1295,EC141251,3141251
PASTAZA,PASTAZA,CANELOS,0475,EC160152,3160152
PASTAZA,PASTAZA,10 DE AGOSTO,1025,EC160154,3160154
PASTAZA,PASTAZA,FATIMA,1260,EC160155,3160155
PASTAZA,PASTAZA,MONTALVO / ANDOAS,2450,EC160156,3160156
PASTAZA,PASTAZA,POMONA,3055,EC160157,3160157
PASTAZA,PASTAZA,RIO CORRIENTES,3180,EC160158,3160158
PASTAZA,PASTAZA,RIO TIGRE,3195,EC160159,3160159
PASTAZA,PASTAZA,ZARAYACU,3785,EC160161,3160161
PASTAZA,PASTAZA,SIMON BOLIVAR,4510,EC160162,3160162
PASTAZA,PASTAZA,TARQUI,3985,EC160163,3160163
PASTAZA,PASTAZA,TNTE. HUGO ORTIZ,4005,EC160164,3160164
PASTAZA,PASTAZA,VERACRUZ,4205,EC160165,3160165
PASTAZA,PASTAZA,EL TRIUNFO,1275,EC160166,3160166
PASTAZA,MERA,MADRE TIERRA,2310,EC160251,3160251
PASTAZA,MERA,SHELL,3840,EC160252,3160252
PASTAZA,SANTA CLARA,SAN JOSE,2100,EC160351,3160351
PASTAZA,ARAJUNO,CURARAY,0735,EC160451,3160451
TUNGURAHUA,AMBATO,AMBATILLO,0095,EC180151,2180151
TUNGURAHUA,AMBATO,ATAHUALPA / CHIPZALATA,0190,EC180152,2180152
TUNGURAHUA,AMBATO,AUGUSTO N MARTINEZ,0210,EC180153,2180153
TUNGURAHUA,AMBATO,CONSTANTINO FERNANDEZ,0635,EC180154,2180154
TUNGURAHUA,AMBATO,HUACHI GRANDE,1625,EC180155,2180155
TUNGURAHUA,AMBATO,IZAMBA,1745,EC180156,2180156
TUNGURAHUA,AMBATO,JUAN BENIGNO VELA,1860,EC180157,2180157
TUNGURAHUA,AMBATO,MONTALVO,2435,EC180158,2180158
TUNGURAHUA,AMBATO,PASA,2775,EC180159,2180159
TUNGURAHUA,AMBATO,PICAYHUA,2830,EC180160,2180160
TUNGURAHUA,AMBATO,PILAHUIN,2860,EC180161,2180161
TUNGURAHUA,AMBATO,QUISAPINCHA,3120,EC180162,2180162
TUNGURAHUA,AMBATO,SAN BARTOLOME,3355,EC180163,2180163
TUNGURAHUA,AMBATO,SAN FERNANDO,3380,EC180164,2180164
TUNGURAHUA,AMBATO,SANTA ROSA,3730,EC180165,2180165
TUNGURAHUA,AMBATO,TOTORAS,4065,EC180166,2180166
TUNGURAHUA,AMBATO,CUNCHIBAMBA,0800,EC180167,2180167
TUNGURAHUA,AMBATO,UNAMUNCHO,0810,EC180168,2180168
TUNGURAHUA,BAÑOS,LLIGUA,2270,EC180251,2180251
TUNGURAHUA,BAÑOS,RIO NEGRO,3190,EC180252,2180252
TUNGURAHUA,BAÑOS,RIO VERDE,3200,EC180253,2180253
TUNGURAHUA,BAÑOS,ULBA,4135,EC180254,2180254
TUNGURAHUA,MOCHA,PINGUILI,4555,EC180451,2180451
TUNGURAHUA,PATATE,EL TRIUNFO,4110,EC180551,2180551
TUNGURAHUA,PATATE,LOS ANDES,2210,EC180552,2180552
TUNGURAHUA,PATATE,SUCRE,3885,EC180553,2180553
TUNGURAHUA,QUERO,RUMIPAMBA,4550,EC180651,2180651
TUNGURAHUA,QUERO,YANAYACU MOCHAPATA,4310,EC180652,2180652
TUNGURAHUA,PELILEO,BENITEZ / PACHANLICA,0335,EC180751,2180751
TUNGURAHUA,PELILEO,BOLIVAR,0365,EC180752,2180752
TUNGURAHUA,PELILEO,COTALO,0675,EC180753,2180753
TUNGURAHUA,PELILEO,CHIQUICHA,0900,EC180754,2180754
TUNGURAHUA,PELILEO,EL ROSARIO / RUMICHACA,1185,EC180755,2180755
TUNGURAHUA,PELILEO,GARCIA MORENO,1320,EC180756,2180756
TUNGURAHUA,PELILEO,HUAMBALO,1630,EC180757,2180757
TUNGURAHUA,PELILEO,SALASACA,3905,EC180758,2180758
TUNGURAHUA,PILLARO,BAQUERIZO MORENO,0295,EC180851,2180851
TUNGURAHUA,PILLARO,EMILIO MARIA TERAN,1210,EC180852,2180852
TUNGURAHUA,PILLARO,MARCOS ESPINEL,2375,EC180853,2180853
TUNGURAHUA,PILLARO,PRESIDENTE URBINA,2945,EC180854,2180854
TUNGURAHUA,PILLARO,SAN ANDRES,3300,EC180855,2180855
TUNGURAHUA,PILLARO,SAN JOSE DE POALO,3485,EC180856,2180856
TUNGURAHUA,PILLARO,SAN MIGUELITO,3585,EC180857,2180857
TUNGURAHUA,TISALEO,QUINCHICOTO,1375,EC180951,2180951
ORELLANA,FCO.DE ORELLANA,DAYUMA,1235,EC220151,3220151
ORELLANA,FCO.DE ORELLANA,TARACOA,1245,EC220152,3220152
ORELLANA,FCO.DE ORELLANA,ALEJANDRO LABAKA,1995,EC220153,3220153
ORELLANA,FCO.DE ORELLANA,EL DORADO,1560,EC220154,3220154
ORELLANA,FCO.DE ORELLANA,EL EDEN,1590,EC220155,3220155
ORELLANA,FCO.DE ORELLANA,GARCIA MORENO,1810,EC220156,3220156
ORELLANA,FCO.DE ORELLANA,INES ARANGO,1565,EC220157,3220157
ORELLANA,FCO.DE ORELLANA,LA BELLEZA,1820,EC220158,3220158
ORELLANA,FCO.DE ORELLANA,NUEVO PARAISO,1940,EC220159,3220159
ORELLANA,FCO.DE ORELLANA,SAN JOSE DE GUAYUSA,1945,EC220160,3220160
ORELLANA,FCO.DE ORELLANA,SAN LUIS DE ARMENIA,1935,EC220161,3220161
ORELLANA,AGUARICO,CAP. AUGUSTO RIVADENEIRA,0510,EC220251,3220251
ORELLANA,AGUARICO,CONONACO,0630,EC220252,3220252
ORELLANA,AGUARICO,STA. MARIA DE HUIRRIMA,3720,EC220253,3220253
ORELLANA,AGUARICO,YASUNI,4295,EC220255,3220255
ORELLANA,JOYA DE LOS SACHAS,ENOKANQUI,0490,EC220351,3220351
ORELLANA,JOYA DE LOS SACHAS,POMPEYA,2930,EC220352,3220352
ORELLANA,JOYA DE LOS SACHAS,SAN CARLOS,0415,EC220353,3220353
ORELLANA,JOYA DE LOS SACHAS,SAN SEBASTIAN DE COCA,3660,EC220354,3220354
ORELLANA,JOYA DE LOS SACHAS,LAGO SAN PEDRO,1960,EC220355,3220355
ORELLANA,JOYA DE LOS SACHAS,RUMIPAMBA,1950,EC220356,3220356
ORELLANA,JOYA DE LOS SACHAS,TRES DE NOVIEMBRE,1955,EC220357,3220357
ORELLANA,JOYA DE LOS SACHAS,UNION MILAGREÑA,1965,EC220358,3220358
ORELLANA,LORETO,AVILA,0215,EC220451,3220451
ORELLANA,LORETO,PUERTO MURIALDO,1050,EC220452,3220452
ORELLANA,LORETO,SAN JOSE DE PAYAMINO,3480,EC220453,3220453
ORELLANA,LORETO,SAN JOSE DE DAHUANO,1680,EC220454,3220454
ORELLANA,LORETO,SAN VICENTE DE HUATICOCHA,0400,EC220455,3220455
STO DGO TSACHILAS,SANTO DOMINGO,ALLURIQUIN,0075,EC230151,2230151
STO DGO TSACHILAS,SANTO DOMINGO,PUERTO LIMON,4440,EC230152,2230152
STO DGO TSACHILAS,SANTO DOMINGO,LUZ DE AMERICA,1755,EC230153,2230153
STO DGO TSACHILAS,SANTO DOMINGO,SAN JACINTO DEL BUA,1970,EC230154,2230154
STO DGO TSACHILAS,SANTO DOMINGO,VALLE HERMOSO,0305,EC230155,2230155
STO DGO TSACHILAS,SANTO DOMINGO,EL ESFUERZO,1990,EC230156,2230156
STO DGO TSACHILAS,SANTO DOMINGO,SANTA MARIA DEL TOACHI,2045,EC230157,2230157
STO DGO TSACHILAS,LA CONCORDIA,MONTERREY,4635,EC230251,2230251
STO DGO TSACHILAS,LA CONCORDIA,LA VILLEGAS,4640,EC230252,2230252
STO DGO TSACHILAS,LA CONCORDIA,PLAN PILOTO,4645,EC230253,2230253
ISLA,ISLA,ISLA,0,,
BOLIVAR,GUARANDA,FACUNDO VELA,1255,EC020151,2020151
BOLIVAR,GUARANDA,JULIO E MORENO,1890,EC020153,2020153
BOLIVAR,GUARANDA,SALINAS,3285,EC020155,2020155
BOLIVAR,GUARANDA,SAN LORENZO,3545,EC020156,2020156
BOLIVAR,GUARANDA,SAN SIMON,3670,EC020157,2020157
BOLIVAR,GUARANDA,SANTA FE,3710,EC020158,2020158
BOLIVAR,GUARANDA,SIMIATUG,3860,EC020159,2020159
BOLIVAR,GUARANDA,SAN LUIS DE PAMBIL,0795,EC020160,2020160
BOLIVAR,CHILLANES,SAN JOSE DE TAMBO,3500,EC020251,2020251
BOLIVAR,CHIMBO,ASUNCION,0170,EC020351,2020351
BOLIVAR,CHIMBO,MAGDALENA/CHAPACOTO,2315,EC020353,2020353
BOLIVAR,CHIMBO,SAN SEBASTIAN,3655,EC020354,2020354
BOLIVAR,CHIMBO,TELIMBELA,3995,EC020355,2020355
BOLIVAR,SAN MIGUEL,BALZAPAMBA,0275,EC020551,2020551
BOLIVAR,SAN MIGUEL,BILOVAN,0345,EC020552,2020552
BOLIVAR,SAN MIGUEL,REGULO DE MORA,4515,EC020553,2020553
BOLIVAR,SAN MIGUEL,SAN PABLO DE ATENAS,3595,EC020554,2020554
BOLIVAR,SAN MIGUEL,SANTIAGO,3775,EC020555,2020555
BOLIVAR,SAN MIGUEL,SAN VICENTE,3900,EC020556,2020556
BOLIVAR,GUARANDA,GUANUJO,6630,EC020103,2020103
BOLIVAR,GUARANDA,ANGEL POLIVIO CHAVEZ,5035,EC020101,2020101
BOLIVAR,GUARANDA,GABRIEL I VEINTIMILLA,5375,EC020102,2020102
BOLIVAR,CHILLANES,CHILLANES,5245,EC020250,2020250
BOLIVAR,CHIMBO,SAN JOSE DE CHIMBO,5975,EC020350,2020350
BOLIVAR,ECHEANDIA,ECHEANDIA,5350,EC020450,2020450
BOLIVAR,SAN MIGUEL,SAN MIGUEL,5995,EC020550,2020550
BOLIVAR,CALUMA,CALUMA / SAN ANTONIO/,6340,EC020650,2020650
BOLIVAR,LAS NAVES,LAS MERCEDES,6475,EC020701,2020701
BOLIVAR,LAS NAVES,LAS NAVES,6470,EC020702,2020702
CAÑAR,DELEG,DELEG,6425,EC030650,2030650
CAÑAR,AZOGUES,AURELIO BAYAS MARTINEZ,6845,EC030101,2030101
CAÑAR,BIBLIAN,BIBLIAN,5115,EC030250,2030250
CAÑAR,CAÑAR,CAÑAR,5160,EC030350,2030350
CAÑAR,LA TRONCAL,LA TRONCAL,5610,EC030450,2030450
CAÑAR,EL TAMBO,EL TAMBO,6345,EC030550,2030550
CAÑAR,SUSCAL,SUSCAL,6715,EC030750,2030750
CAÑAR,AZOGUES,AZOGUES,5065,EC030102,2030102
CAÑAR,AZOGUES,BORRERO,6790,EC030103,2030103
CAÑAR,AZOGUES,SAN FRANCISCO,5950,EC030104,2030104
CHIMBORAZO,ALAUSI,ALAUSI,5010,EC060250,2060250
CHIMBORAZO,CHAMBO,CHAMBO,5475,EC060450,2060450
CHIMBORAZO,CHUNCHI,CHUNCHI,5255,EC060550,2060550
CHIMBORAZO,GUAMOTE,GUAMOTE,5430,EC060650,2060650
CHIMBORAZO,PALLATANGA,PALLATANGA,6540,EC060850,2060850
CHIMBORAZO,PENIPE,PENIPE,5740,EC060950,2060950
CHIMBORAZO,CUMANDA,CUMANDA,6420,EC061050,2061050
CHIMBORAZO,COLTA,CAJABAMBA,5145,EC060301,2060301
CHIMBORAZO,COLTA,SICALPA,6080,EC060302,2060302
CHIMBORAZO,GUANO,LA MATRIZ,5550,EC060702,2060702
COTOPAXI,LATACUNGA,SAN BUENAVENTURA,5940,EC050105,2050105
COTOPAXI,LATACUNGA,JUAN MONTALVO,5500,EC050103,2050103
COTOPAXI,LATACUNGA,LA MATRIZ,5555,EC050104,2050104
COTOPAXI,LATACUNGA,ELOY ALFARO / SAN FELIPE,5310,EC050101,2050101
COTOPAXI,LATACUNGA,IGNACIO FLORES,5465,EC050102,2050102
COTOPAXI,LA MANA,EL CARMEN,6880,EC050201,2050201
COTOPAXI,LA MANA,LA MANA,6535,EC050202,2050202
COTOPAXI,LA MANA,EL TRIUNFO,6895,EC050203,2050203
COTOPAXI,PANGUA,EL CORAZON,5305,EC050350,2050350
COTOPAXI,PUJILI,PUJILI,5820,EC050450,2050450
COTOPAXI,SALCEDO,SAN MIGUEL DE SALCEDO,6000,EC050550,2050550
COTOPAXI,SAQUISILI,SAQUISILI,6070,EC050650,2050650
COTOPAXI,SIGCHOS,SIGCHOS,6450,EC050750,2050750
TUNGURAHUA,AMBATO,ATOCHA FICOA,5045,EC180101,2180101
TUNGURAHUA,AMBATO,LA PENINSULA,5605,EC180106,2180106
TUNGURAHUA,AMBATO,LA MERCED,5560,EC180105,2180105
TUNGURAHUA,AMBATO,SAN FRANCISCO,5945,EC180109,2180109
TUNGURAHUA,AMBATO,HUACHI LORETO,5445,EC180104,2180104
TUNGURAHUA,AMBATO,LA MATRIZ,5545,EC180107,2180107
TUNGURAHUA,AMBATO,HUACHI CHICO,5455,EC180103,2180103
TUNGURAHUA,AMBATO,CELIANO MONGE,5230,EC180102,2180102
TUNGURAHUA,AMBATO,PISHILATA,5840,EC180108,2180108
TUNGURAHUA,BAÑOS,BAÑOS,5105,EC180250,2180250
TUNGURAHUA,CEVALLOS,CEVALLOS,6555,EC180350,2180350
TUNGURAHUA,MOCHA,MOCHA,6560,EC180450,2180450
TUNGURAHUA,PATATE,PATATE,5830,EC180550,2180550
TUNGURAHUA,QUERO,QUERO,5835,EC180650,2180650
TUNGURAHUA,PELILEO,PELILEO GRANDE /R. MINO,5900,EC180702,2180702
TUNGURAHUA,PELILEO,PELILEO,5780,EC180701,2180701
TUNGURAHUA,PILLARO,PILLARO,5785,EC180802,2180802
TUNGURAHUA,PILLARO,CIUDAD NUEVA,5225,EC180801,2180801
TUNGURAHUA,TISALEO,TISALEO,5515,EC180950,2180950
MANABI,MONTECRISTI,MONTECRISTI,5665,EC130902,1130902
MANABI,PAJAN,PAJAN,5755,EC131050,1131050
MANABI,PICHINCHA,PICHINCHA /GERMUD,6550,EC131150,1131150
MANABI,ROCAFUERTE,ROCAFUERTE,5885,EC131250,1131250
MANABI,SANTA ANA,SANTA ANA,6030,EC131301,1131301
MANABI,SUCRE,LEONIDAS PLAZA G.,5580,EC131402,1131402
MANABI,TOSAGUA,TOSAGUA,6170,EC131550,1131550
MANABI,24 DE MAYO,SUCRE,6105,EC131650,1131650
MANABI,PEDERNALES,PEDERNALES,6430,EC131750,1131750
MANABI,OLMEDO,OLMEDO /PUCA,6495,EC131850,1131850
MANABI,PUERTO LOPEZ,PUERTO LOPEZ,6575,EC131950,1131950
MANABI,JAMA,JAMA,6750,EC132050,1132050
MANABI,JARAMIJO,JARAMIJO,6755,EC132150,1132150
MANABI,SAN VICENTE,SAN VICENTE,6785,EC132250,1132250
MANABI,PORTOVIEJO,PICOAZA,5845,EC130104,1130104
MANABI,PORTOVIEJO,18 DE OCTUBRE,6770,EC130108,1130108
MANABI,PORTOVIEJO,12 DE MARZO,5280,EC130102,1130102
MANABI,PORTOVIEJO,SAN PABLO,6585,EC130105,1130105
MANABI,PORTOVIEJO,PORTOVIEJO,5795,EC130101,1130101
MANABI,PORTOVIEJO,FRANCISCO PACHECO,6775,EC130107,1130107
MANABI,PORTOVIEJO,SIMON BOLIVAR,6910,EC130109,1130109
MANABI,PORTOVIEJO,ANDRES DE VERA,5030,EC130106,1130106
MANABI,PORTOVIEJO,COLON,5265,EC130103,1130103
MANABI,BOLIVAR,CALCETA,5150,EC130250,1130250
MANABI,CHONE,CHONE,5250,EC130301,1130301
MANABI,CHONE,SANTA RITA,6055,EC130302,1130302
MANABI,EL CARMEN,4 DE DICIEMBRE,6195,EC130402,1130402
MANABI,EL CARMEN,EL CARMEN,5300,EC130401,1130401
MANABI,FLAVIO ALFARO,FLAVIO ALFARO,5480,EC130550,1130550
MANABI,JIPIJAPA,DR. MIGUEL MORAN LUCIO,7465,EC130601,1130601
MANABI,JIPIJAPA,SAN LORENZO DE JIPIJAPA,7475,EC130603,1130603
MANABI,JIPIJAPA,MANUEL INOCENCIO PARRALES,7470,EC130602,1130602
MANABI,JIPIJAPA,JIPIJAPA,5485,,
MANABI,JUNIN,JUNIN,5505,EC130750,1130750
MANABI,MANTA,MANTA,5635,EC130802,1130802
MANABI,MANTA,SAN MATEO,6135,EC130803,1130803
MANABI,MANTA,TARQUI,6155,EC130804,1130804
MANABI,MANTA,ELOY ALFARO,6745,EC130805,1130805
MANABI,MANTA,LOS ESTEROS,5570,EC130801,1130801
MANABI,MONTECRISTI,GENERAL ELOY ALFARO DELGA,7500,EC130904,1130904
MANABI,MONTECRISTI,LEONIDAS PROAÑO,7495,EC130905,1130905
MANABI,MONTECRISTI,ANIBAL SAN ANDRES,7460,EC130901,1130901
MANABI,MONTECRISTI,COLORADO,7490,EC130903,1130903
MANABI,SANTA ANA,LODANA,6725,EC131302,1131302
MANABI,SUCRE,BAHIA DE CARAQUEZ,5095,EC131401,1131401
LOS RIOS,BABAHOYO,EL SALTO,6835,EC120104,1120104
LOS RIOS,BABAHOYO,BARREIRO /SANTA RITA,6830,EC120103,1120103
LOS RIOS,BABAHOYO,CLEMENTE BAQUERIZO,5215,EC120101,1120101
LOS RIOS,BABA,BABA,5085,EC120250,1120250
LOS RIOS,MONTALVO,MONTALVO /SABANETA,5640,EC120350,1120350
LOS RIOS,PUEBLO VIEJO,PUEBLO VIEJO,5800,EC120450,1120450
LOS RIOS,QUEVEDO,NICOLAS INFANTE DIAZ,6645,EC120505,1120505
LOS RIOS,QUEVEDO,VENUS DEL RIO QUEVEDO,6640,EC120509,1120509
LOS RIOS,QUEVEDO,SAN CRISTOBAL,6635,EC120506,1120506
LOS RIOS,QUEVEDO,SAN CAMILO,6115,EC120502,1120502
LOS RIOS,QUEVEDO,QUEVEDO,5855,EC120501,1120501
LOS RIOS,QUEVEDO,VIVA ALFARO,6660,EC120510,1120510
LOS RIOS,QUEVEDO,SIETE DE OCTUBRE,6655,EC120507,1120507
LOS RIOS,QUEVEDO,GUAYACAN,6650,EC120504,1120504
LOS RIOS,QUEVEDO,24 DE MAYO,6690,EC120508,1120508
LOS RIOS,URDANETA,CATARAMA,5185,EC120650,1120650
LOS RIOS,VENTANAS,10 NOVIEMBRE,7480,EC120701,1120701
LOS RIOS,VENTANAS,VENTANAS,6235,EC120702,1120702
LOS RIOS,VINCES,VINCES,6245,EC120801,1120801
LOS RIOS,PALENQUE,PALENQUE,6330,EC120950,1120950
LOS RIOS,BUENA FE,SN JACINTO DE BUENA FE,6465,EC121001,1121001
LOS RIOS,VALENCIA,VALENCIA,6685,EC121101,1121101
LOS RIOS,MOCACHE,MOCACHE,6695,EC121250,1121250
LOS RIOS,QUINSALOMA,QUINSALOMA,6915,EC121350,1121350
LOS RIOS,BABAHOYO,DR. CAMILO PONCE E.,5285,EC120102,1120102
GUAYAS,GUAYAQUIL,TARQUI,6150,EC090112,1090112
GUAYAS,A. BAQUERIZO MORENO,A.BAQUERIZO M /JUJAN,6545,EC090250,1090250
GUAYAS,BALAO,BALAO,5470,EC090350,1090350
GUAYAS,BALZAR,BALZAR,5100,EC090450,1090450
GUAYAS,COLIMES,COLIMES,5365,EC090550,1090550
GUAYAS,EL EMPALME,VELASCO IBARRA,6225,EC090850,1090850
GUAYAS,EL TRIUNFO,EL TRIUNFO,5345,EC090950,1090950
GUAYAS,MILAGRO,MILAGRO,5660,EC091001,1091001
GUAYAS,NARANJAL,NARANJAL,5675,EC091150,1091150
GUAYAS,NARANJITO,NARANJITO,5705,EC091250,1091250
GUAYAS,PALESTINA,PALESTINA,5725,EC091350,1091350
GUAYAS,PEDRO CARBO,PEDRO CARBO,5735,EC091450,1091450
GUAYAS,SAMBORONDON,SAMBORONDON,5925,EC091601,1091601
GUAYAS,SANTA LUCIA,SANTA LUCIA,6580,EC091850,1091850
GUAYAS,SALITRE,PARAISO,5765,EC091904,1091904
GUAYAS,YAGUACHI,YAGUACHI NUEVO,6285,EC092050,1092050
GUAYAS,PLAYAS,GRAL. VILLAMIL / PLAYAS,6255,EC092150,1092150
GUAYAS,SIMON BOLIVAR,SIMON BOLIVAR,6385,EC092250,1092250
GUAYAS,CRNL MARCELINO MARIDUENAS,CRNL MARCELINO MARIDUENAS,6410,EC092350,1092350
GUAYAS,LOMAS SARGENTILLO,LOMAS SARGENTILLO,6440,EC092450,1092450
GUAYAS,NOBOL / PIEDRAHITA,NARCISA DE JESUS,6460,EC092550,1092550
GUAYAS,GRAL. A. ELIZALDE,GRAL. ELIZALDE /BUCAY,6620,EC092750,1092750
GUAYAS,ISIDRO AYORA,ISIDRO AYORA,6710,EC092850,1092850
GUAYAS,GUAYAQUIL,PASCUALES,6405,EC090115,1090115
GUAYAS,GUAYAQUIL,XIMENA,6265,EC090114,1090114
GUAYAS,GUAYAQUIL,FEBRES CORDERO,5355,EC090104,1090104
GUAYAS,GUAYAQUIL,LETAMENDI,5585,EC090106,1090106
GUAYAS,GUAYAQUIL,GARCIA MORENO,5380,EC090105,1090105
GUAYAS,GUAYAQUIL,AYACUCHO,5055,EC090101,1090101
GUAYAS,GUAYAQUIL,OLMEDO/SAN ALEJO,5720,EC090108,1090108
GUAYAS,GUAYAQUIL,BOLIVAR/SAGRARIO,5125,EC090102,1090102
GUAYAS,GUAYAQUIL,ROCAFUERTE,5890,EC090110,1090110
GUAYAS,GUAYAQUIL,9 DE OCTUBRE,5695,EC090107,1090107
GUAYAS,GUAYAQUIL,ROCA,5880,EC090109,1090109
GUAYAS,GUAYAQUIL,CARBO/CONCEPCION,5170,EC090103,1090103
GUAYAS,GUAYAQUIL,SUCRE,6095,EC090111,1090111
GUAYAS,GUAYAQUIL,URDANETA,6185,EC090113,1090113
GUAYAS,SAMBORONDON,LA PUNTILLA (SATELITE),7445,EC091602,1091602
GUAYAS,SALITRE,CANDILEJOS,5155,EC091902,1091902
GUAYAS,SALITRE,SALITRE,5200,EC091903,1091903
GUAYAS,SALITRE,SAN MATEO,5990,EC091905,1091905
GUAYAS,SALITRE,BOCANA,5120,EC091901,1091901
GUAYAS,DAULE,MAGRO,7425,EC090605,1090605
AZUAY,CUENCA,YANUNCAY,5370,EC010114,2010114
AZUAY,CUENCA,EL BATAN,5135,EC010103,2010103
AZUAY,CUENCA,SUCRE,6090,EC010112,2010112
AZUAY,CUENCA,HUAYNACAPAC,5450,EC010107,2010107
AZUAY,CUENCA,SAN SEBASTIAN,6010,EC010111,2010111
AZUAY,CUENCA,RAMIREZ DAVALOS,5875,EC010106,2010106
AZUAY,CUENCA,SAGRARIO,5905,EC010104,2010104
AZUAY,CUENCA,SAN BLAS,5930,EC010110,2010110
AZUAY,CUENCA,CAÑARIBAMBA,5080,EC010102,2010102
AZUAY,CUENCA,MONAY,5290,EC010109,2010109
AZUAY,CUENCA,TOTORACOCHA,5360,EC010113,2010113
AZUAY,CUENCA,EL VECINO,5330,EC010105,2010105
AZUAY,CUENCA,BELLAVISTA,5075,EC010101,2010101
AZUAY,CUENCA,HERMANO MIGUEL,6865,EC010115,2010115
AZUAY,CUENCA,MACHANGARA,5140,EC010108,2010108
AZUAY,GIRON,GIRON,5395,EC010250,2010250
AZUAY,GUALACEO,GUALACEO,5420,EC010350,2010350
AZUAY,CHORDELEG,CHORDELEG,6435,EC011150,2011150
AZUAY,NABON,NABON,6595,EC010450,2010450
AZUAY,PAUTE,PAUTE,5775,EC010550,2010550
AZUAY,GUACHAPALA,GUACHAPALA,6615,EC011450,2011450
AZUAY,EL PAN,EL PAN,6485,EC011250,2011250
AZUAY,SEVILLA DE ORO,SEVILLA DE ORO,6480,EC011350,2011350
AZUAY,PUCARA,PUCARA,5690,EC010650,2010650
AZUAY,SAN FERNANDO,SAN FERNANDO,6565,EC010750,2010750
AZUAY,SANTA ISABEL,SANTA ISABEL,6045,EC010850,2010850
AZUAY,CAMILO PONCE ENRIQUEZ,CAMILO PONCE ENRIQUEZ,6875,EC011550,2011550
AZUAY,SIGSIG,SIGSIG,6085,EC010950,2010950
AZUAY,OÑA,OÑA,6360,EC011050,2011050
EL ORO,ARENILLAS,ARENILLAS,5040,EC070250,1070250
EL ORO,ATAHUALPA,PACCHA,5745,EC070350,1070350
EL ORO,EL GUABO,EL GUABO,5340,EC070650,1070650
EL ORO,PORTOVELO,PORTOVELO,5850,EC071150,1071150
EL ORO,ZARUMA,ZARUMA,6310,EC071350,1071350
EL ORO,MACHALA,EL CAMBIO,6795,EC070105,1070105
EL ORO,MACHALA,9 DE MAYO,6490,EC070104,1070104
EL ORO,MACHALA,PUERTO BOLIVAR,5805,EC070103,1070103
EL ORO,MACHALA,MACHALA,5625,EC070102,1070102
EL ORO,MACHALA,JUBONES,7505,,
EL ORO,MACHALA,LA PROVIDENCIA,5565,EC070101,1070101
EL ORO,MACHALA,JAMBELI,7510,,
EL ORO,LAS LAJAS,LA VICTORIA/LAS LAJAS,6335,EC071401,1071401
EL ORO,LAS LAJAS,PLATANILLOS,6950,EC071402,1071402
EL ORO,SANTA ROSA,BALNEARIO JAMBELI,6900,EC071203,1071203
EL ORO,HUAQUILLAS,MILTON REYES,6805,EC070704,1070704
EL ORO,HUAQUILLAS,EL PARAISO,6810,EC070702,1070702
EL ORO,HUAQUILLAS,ECUADOR,6815,EC070701,1070701
EL ORO,HUAQUILLAS,HUALTACO,6800,EC070703,1070703
EL ORO,HUAQUILLAS,UNION LOJANA,6820,EC070705,1070705
EL ORO,SANTA ROSA,PUERTO JELI,6670,EC071202,1071202
EL ORO,SANTA ROSA,JUMON,6985,EC071204,1071204
EL ORO,SANTA ROSA,SANTA ROSA,6060,EC071201,1071201
EL ORO,SANTA ROSA,NUEVO SANTA ROSA,6990,EC071205,1071205
EL ORO,PASAJE,OCHOA LEON/MATRIZ,5770,EC070903,1070903
EL ORO,PASAJE,BOLIVAR,6370,EC070901,1070901
EL ORO,PASAJE,LOMA DE FRANCO,6365,EC070902,1070902
EL ORO,PASAJE,TRES CERRITOS,6375,EC070904,1070904
EL ORO,BALSAS,BALSAS,6590,EC070450,1070450
EL ORO,CHILLA,CHILLA,5715,EC070550,1070550
EL ORO,MARCABELI,MARCABELI,6570,EC070850,1070850
EL ORO,PIÑAS,LA SUSAYA,6680,EC071002,1071002
EL ORO,PIÑAS,PIÑAS GRANDE,6675,EC071003,1071003
EL ORO,PIÑAS,PIÑAS,5790,EC071001,1071001
LOJA,LOJA,CARIGAN,7525,EC110105,2110105
LOJA,LOJA,EL VALLE,6210,EC110104,2110104
LOJA,LOJA,SUCRE,6100,EC110103,2110103
LOJA,LOJA,EL SAGRARIO,5320,EC110101,2110101
LOJA,LOJA,PUNZARA,7530,EC110106,2110106
LOJA,LOJA,SAN SEBASTIAN,6015,EC110102,2110102
LOJA,CALVAS,CHILE,5240,EC110202,2110202
LOJA,CALVAS,SAN VICENTE,6025,EC110203,2110203
LOJA,CALVAS,CARIAMANGA,5175,EC110201,2110201
LOJA,CATAMAYO,SAN JOSE,6825,EC110302,2110302
LOJA,CATAMAYO,CATAMAYO,5270,EC110301,2110301
LOJA,CELICA,CELICA,5195,EC110450,2110450
LOJA,CHAGUARPAMBA,CHAGUARPAMBA,6530,EC110550,2110550
LOJA,ESPINDOLA,AMALUZA,5020,EC110650,2110650
LOJA,GONZANAMA,GONZANAMA,5400,EC110750,2110750
LOJA,MACARA,GRAL.ELOY ALFARO,5385,EC110801,2110801
LOJA,MACARA,MACARA,5680,EC110802,2110802
LOJA,PALTAS,LOURDES,5595,EC110902,2110902
LOJA,PALTAS,CATACOCHA,5180,EC110901,2110901
LOJA,PUYANGO,ALAMOR,5005,EC111050,2111050
LOJA,SARAGURO,SARAGURO,6075,EC111150,2111150
LOJA,SOZORANGA,SOZORANGA,6120,EC111250,2111250
LOJA,ZAPOTILLO,ZAPOTILLO,6320,EC111350,2111350
LOJA,PINDAL,PINDAL /FEDERICO PAEZ,5810,EC111450,2111450
LOJA,QUILANGA,QUILANGA /LA PAZ,6260,EC111550,2111550
LOJA,OLMEDO,OLMEDO,6730,EC111650,2111650
STO DGO TSACHILAS,LA CONCORDIA,LA CONCORDIA,7520,EC230250,2230250
STO DGO TSACHILAS,SANTO DOMINGO,RIO TOACHI,5870,EC230104,2230104
STO DGO TSACHILAS,SANTO DOMINGO,BOMBOLI,5860,EC230102,2230102
STO DGO TSACHILAS,SANTO DOMINGO,ABRAHAM CALAZACON,5730,EC230101,2230101
STO DGO TSACHILAS,SANTO DOMINGO,SANTO DOMINGO,6065,EC230106,2230106
STO DGO TSACHILAS,SANTO DOMINGO,ZARACAY,6180,EC230107,2230107
STO DGO TSACHILAS,SANTO DOMINGO,RIO VERDE,5865,EC230105,2230105
STO DGO TSACHILAS,SANTO DOMINGO,CHIGUILPE,6175,EC230103,2230103
GUAYAS,DAULE,DAULE,5275,EC090601,1090601
GUAYAS,DAULE,LA  AURORA,6850,EC090602,1090602
MORONA SANTIAGO,MORONA,MACAS,5615,EC140150,3140150
MORONA SANTIAGO,GUALAQUIZA,GUALAQUIZA,5425,EC140201,3140201
MORONA SANTIAGO,LIMON INDANZA,GRAL. LEONIDAS PLAZA,5390,EC140350,3140350
MORONA SANTIAGO,PALORA,PALORA,5760,EC140450,3140450
MORONA SANTIAGO,SANTIAGO,MENDEZ,5645,EC140550,3140550
MORONA SANTIAGO,SUCUA,SUCUA,6110,EC140650,3140650
MORONA SANTIAGO,HUAMBOYA,HUAMBOYA,6390,EC140750,3140750
MORONA SANTIAGO,SAN JUAN BOSCO,SAN JUAN BOSCO,6445,EC140850,3140850
MORONA SANTIAGO,TAISHA,TAISHA,6700,EC140950,3140950
MORONA SANTIAGO,LOGROÑO,LOGROÑO,6735,EC141050,3141050
MORONA SANTIAGO,PABLO SEXTO,PABLO SEXTO,6870,EC141150,3141150
MORONA SANTIAGO,TIWINTZA,SANTIAGO,6890,EC141250,3141250
PASTAZA,PASTAZA,PUYO,5825,EC160150,3160150
PASTAZA,MERA,MERA,5650,EC160250,3160250
PASTAZA,SANTA CLARA,SANTA CLARA,6395,EC160350,3160350
PASTAZA,ARAJUNO,ARAJUNO,6705,EC160450,3160450
ORELLANA,FCO. DE ORELLANA,EL COCA,5815,EC220150,3220150
ORELLANA,AGUARICO,NUEVO ROCAFUERTE,5700,EC220201,
ORELLANA,JOYA DE LOS SACHAS,LA JOYA DE LOS SACHAS,6200,EC220350,3220350
ORELLANA,LORETO,LORETO,6455,EC220450,3220450
MORONA SANTIAGO,GUALAQUIZA,MERCEDES MOLINA,5655,EC140202,3140202
ORELLANA,AGUARICO,TIPUTINI,7485,EC220202,
SANTA ELENA,SANTA ELENA,ATAHUALPA,0205,EC240151,1240151
SANTA ELENA,SANTA ELENA,COLONCHE,0605,EC240152,1240152
SANTA ELENA,SANTA ELENA,CHANDUY,0820,EC240153,1240153
SANTA ELENA,SANTA ELENA,MANGLARALTO,2355,EC240154,1240154
SANTA ELENA,SANTA ELENA,SIMON BOLIVAR,3915,EC240155,1240155
SANTA ELENA,SANTA ELENA,SAN JOSE DE ANCON,1300,EC240156,1240156
SANTA ELENA,SALINAS,ANCONCITO,0115,EC240351,1240351
SANTA ELENA,SALINAS,JOSE LUIS TAMAYO / MUEY,1850,EC240352,1240352
SANTA ELENA,SALINAS,SALINAS,5920,,
SANTA ELENA,SANTA ELENA,BALLENITA,5130,EC240101,1240101
SANTA ELENA,LA LIBERTAD,LA LIBERTAD,6610,EC240250,1240250
SANTA ELENA,SALINAS,GRAL. A. E. GALLO,6270,EC240302,1240302
SANTA ELENA,SALINAS,VICENTE ROCAFUERTE,6275,EC240303,1240303
SANTA ELENA,SALINAS,SANTA ROSA,6925,EC240304,1240304
SANTA ELENA,SALINAS,CARLOS ESPINOZA LARREA,6280,EC240301,1240301
ZAMORA CHINCHIPE,ZAMORA,CUMBARATZA,0720,EC190151,3190151
ZAMORA CHINCHIPE,ZAMORA,GUADALUPE,1390,EC190152,3190152
ZAMORA CHINCHIPE,ZAMORA,LA VICTORIA DE IMBANA,2155,EC190153,3190153
ZAMORA CHINCHIPE,ZAMORA,SABANILLA,3260,EC190155,3190155
ZAMORA CHINCHIPE,ZAMORA,TIMBARA,4010,EC190156,3190156
ZAMORA CHINCHIPE,ZAMORA,SAN CARLOS DE LAS MINAS,1770,EC190158,3190158
ZAMORA CHINCHIPE,CHINCHIPE,CHITO,0915,EC190251,3190251
ZAMORA CHINCHIPE,CHINCHIPE,EL CHORRO,1145,EC190252,3190252
ZAMORA CHINCHIPE,CHINCHIPE,LA CHONTA,2015,EC190254,3190254
ZAMORA CHINCHIPE,CHINCHIPE,PUCAPAMBA,2955,EC190256,3190256
ZAMORA CHINCHIPE,CHINCHIPE,SAN ANDRES,2110,EC190259,3190259
ZAMORA CHINCHIPE,NANGARITZA,ZURMI,1675,EC190351,3190351
ZAMORA CHINCHIPE,NANGARITZA,NUEVO PARAISO,4570,EC190352,3190352
ZAMORA CHINCHIPE,NANGARITZA,NANKAIS,4655,EC190353,3190353
ZAMORA CHINCHIPE,YACUAMBI,LA PAZ,2070,EC190451,3190451
ZAMORA CHINCHIPE,YACUAMBI,TUTUPALI,4105,EC190452,3190452
ZAMORA CHINCHIPE,YANZATZA,CHICANA,0985,EC190551,3190551
ZAMORA CHINCHIPE,YANZATZA,LOS ENCUENTROS,2240,EC190553,3190553
ZAMORA CHINCHIPE,EL PANGUI,EL GUISMI,0665,EC190651,3190651
ZAMORA CHINCHIPE,EL PANGUI,PACHICUTZA,1015,EC190652,3190652
ZAMORA CHINCHIPE,EL PANGUI,TUNDAYME,0945,EC190653,3190653
ZAMORA CHINCHIPE,CENTINELA DEL CONDOR,TRIUNFO DORADO,4385,EC190752,3190752
ZAMORA CHINCHIPE,CENTINELA DEL CONDOR,PANGUINTZA,4600,EC190753,3190753
ZAMORA CHINCHIPE,PALANDA,EL PORVENIR DEL CARMEN,1240,EC190851,3190851
ZAMORA CHINCHIPE,PALANDA,SAN FRANCISCO DEL VERGEL,4505,EC190852,3190852
ZAMORA CHINCHIPE,PALANDA,VALLADOLID,4195,EC190853,3190853
ZAMORA CHINCHIPE,PALANDA,LA CANELA,2170,EC190854,3190854
ZAMORA CHINCHIPE,PAQUISHA,BELLAVISTA,0455,EC190951,3190951
ZAMORA CHINCHIPE,PAQUISHA,NUEVO QUITO,1120,EC190952,3190952
ZAMORA CHINCHIPE,PAQUISHA,PAQUISHA,6885,EC190950,3190950
ZAMORA CHINCHIPE,EL PANGUI,EL PANGUI,6355,EC190650,3190650
ZAMORA CHINCHIPE,YANZATZA,YANZATZA,6295,EC190550,3190550
ZAMORA CHINCHIPE,YACUAMBI,28 DE MAYO,6215,EC190450,3190450
ZAMORA CHINCHIPE,CENTINELA DEL CONDOR,ZUMBI,6625,EC190750,3190750
ZAMORA CHINCHIPE,NANGARITZA,GUAYZIMI,5520,EC190350,3190350
ZAMORA CHINCHIPE,ZAMORA,ZAMORA,6305,EC190102,3190102
ZAMORA CHINCHIPE,ZAMORA,EL LIMON,6840,EC190101,3190101
ZAMORA CHINCHIPE,PALANDA,PALANDA,6740,EC190850,3190850
ZAMORA CHINCHIPE,CHINCHIPE,ZUMBA,6315,EC190250,3190250
PICHINCHA,QUITO,ALANGASI,0030,EC170151,2170151
GALAPAGOS,SAN CRISTOBAL,EL PROGRESO,1220,EC200151,4200151
GALAPAGOS,SAN CRISTOBAL,ISLA SANTA MARIA,4415,EC200152,4200152
GALAPAGOS,ISABELA,TOMAS DE BERLANGA,4165,EC200251,4200251
GALAPAGOS,SANTA CRUZ,BELLA VISTA,0235,EC200351,4200351
GALAPAGOS,SANTA CRUZ,SANTA ROSA,1985,EC200352,4200352
PICHINCHA,QUITO,NAYON,2540,EC170170,2170170
PICHINCHA,QUITO,AMAGUAÑA,0080,EC170152,2170152
PICHINCHA,QUITO,ATAHUALPA /HABASPAMBA,0195,EC170153,2170153
PICHINCHA,QUITO,CALACALI,0430,EC170154,2170154
PICHINCHA,QUITO,CALDERON,0440,EC170155,2170155
PICHINCHA,QUITO,CONOCOTO,0625,EC170156,2170156
PICHINCHA,QUITO,CUMBAYA,0725,EC170157,2170157
PICHINCHA,QUITO,CHAVEZPAMBA,0855,EC170158,2170158
PICHINCHA,QUITO,CHECA,0865,EC170159,2170159
PICHINCHA,QUITO,QUINCHE,3100,EC170160,2170160
PICHINCHA,QUITO,GUALEA,1400,EC170161,2170161
PICHINCHA,QUITO,GUANGOPOLO,1440,EC170162,2170162
PICHINCHA,QUITO,GUAYLLABAMBA,1475,EC170163,2170163
PICHINCHA,QUITO,LA MERCED,2055,EC170164,2170164
PICHINCHA,QUITO,LLANO CHICO,2265,EC170165,2170165
PICHINCHA,QUITO,LLOA,2275,EC170166,2170166
PICHINCHA,QUITO,NANEGAL,2525,EC170168,2170168
PICHINCHA,QUITO,NANEGALITO,2530,EC170169,2170169
PICHINCHA,QUITO,NONO,2560,EC170171,2170171
PICHINCHA,QUITO,PACTO,2690,EC170172,2170172
PICHINCHA,QUITO,PERUCHO,2825,EC170174,2170174
PICHINCHA,QUITO,PIFO,2855,EC170175,2170175
PICHINCHA,QUITO,PINTAG,2895,EC170176,2170176
PICHINCHA,QUITO,POMASQUI,2925,EC170177,2170177
PICHINCHA,QUITO,PUELLARO,2980,EC170178,2170178
PICHINCHA,QUITO,PUEMBO,2985,EC170179,2170179
PICHINCHA,QUITO,SAN ANTONIO,3325,EC170180,2170180
PICHINCHA,QUITO,SAN JOSE DE MINAS,3475,EC170181,2170181
PICHINCHA,QUITO,TABABELA,3925,EC170183,2170183
PICHINCHA,QUITO,TUMBACO,4085,EC170184,2170184
PICHINCHA,QUITO,YARUQUI,4290,EC170185,2170185
PICHINCHA,QUITO,ZAMBIZA,4325,EC170186,2170186
PICHINCHA,CAYAMBE,ASCAZUBI,0165,EC170251,2170251
PICHINCHA,CAYAMBE,CANGAHUA,0480,EC170252,2170252
PICHINCHA,CAYAMBE,OLMEDO/PESILLO,2600,EC170253,2170253
PICHINCHA,CAYAMBE,OTON,2635,EC170254,2170254
PICHINCHA,CAYAMBE,STA.ROSA DE CUSUBAMBA,3735,EC170255,2170255
PICHINCHA,CAYAMBE,SAN JOSE DE AYORA,4620,EC170256,2170256
PICHINCHA,MEJIA,ALOAG,0055,EC170351,2170351
PICHINCHA,MEJIA,ALOASI,0060,EC170352,2170352
PICHINCHA,MEJIA,CUTUGLAGUA,0755,EC170353,2170353
PICHINCHA,MEJIA,CHAUPI,0850,EC170354,2170354
PICHINCHA,MEJIA,CORNEJO ASTORGA /TANDAPI,0650,EC170355,2170355
PICHINCHA,MEJIA,TAMBILLO,3960,EC170356,2170356
PICHINCHA,MEJIA,UYUMBICHO,4155,EC170357,2170357
PICHINCHA,PEDRO MONCAYO,LA ESPERANZA,2025,EC170451,2170451
PICHINCHA,PEDRO MONCAYO,MALCHINGUI,2330,EC170452,2170452
PICHINCHA,PEDRO MONCAYO,TOCACHI,4045,EC170453,2170453
PICHINCHA,PEDRO MONCAYO,TUPIGACHI,4090,EC170454,2170454
PICHINCHA,RUMIÑAHUI,COTOGCHOA,0680,EC170551,2170551
PICHINCHA,RUMIÑAHUI,RUMIPAMBA,3230,EC170552,2170552
PICHINCHA,SAN MIGUEL DE LOS BANCOS,MINDO,2410,EC170751,2170751
PICHINCHA,CAYAMBE,CAYAMBE,5190,EC170202,2170202
PICHINCHA,MEJIA,MACHACHI,5620,EC170350,2170350
PICHINCHA,PEDRO MONCAYO,TABACUNDO,6145,EC170450,2170450
PICHINCHA,RUMIÑAHUI,SANGOLQUI,5965,EC170501,2170501
PICHINCHA,SAN MIGUEL DE LOS BANCOS,S. MIGUEL DE LOS BANCOS,6350,EC170750,2170750
PICHINCHA,PEDRO VICENTE MALDONADO,PEDRO VICENTE MALDONADO,6415,EC170850,2170850
PICHINCHA,PUERTO QUITO,PUERTO QUITO,6125,EC170950,2170950
GALAPAGOS,SAN CRISTOBAL,PTO. BAQUERIZO MORENO,6510,EC200150,4200150
GALAPAGOS,ISABELA,PUERTO VILLAMIL,6515,EC200250,4200250
GALAPAGOS,SANTA CRUZ,PUERTO AYORA,6505,EC200350,4200350
PICHINCHA,QUITO,CARCELEN,7135,EC170102,2170102
PICHINCHA,QUITO,EL CONDADO,7160,EC170110,2170110
PICHINCHA,QUITO,COCHAPAMBA,7145,EC170104,2170104
PICHINCHA,QUITO,COTOCOLLAO,5220,EC170106,2170106
PICHINCHA,QUITO,PONCEANO,7220,EC170124,2170124
PICHINCHA,QUITO,COMITE DEL PUEBLO,7150,EC170105,2170105
PICHINCHA,QUITO,KENNEDY,7185,EC170115,2170115
PICHINCHA,QUITO,SAN ISIDRO DEL INCA,7245,EC170129,2170129
PICHINCHA,QUITO,JIPIJAPA,7180,EC170114,2170114
PICHINCHA,QUITO,IÑAQUITO,7170,EC170112,2170112
PICHINCHA,QUITO,MARISCAL SUCRE,7215,EC170123,2170123
PICHINCHA,QUITO,ITCHIMBIA,7175,EC170113,2170113
PICHINCHA,QUITO,LA CONCEPCION,7195,EC170117,2170117
PICHINCHA,QUITO,RUMIPAMBA,7235,EC170127,2170127
PICHINCHA,QUITO,BELISARIO QUEVEDO,7130,EC170101,2170101
PICHINCHA,QUITO,SAN JUAN,7250,EC170130,2170130
PICHINCHA,QUITO,LA LIBERTAD,5535,EC170120,2170120
PICHINCHA,QUITO,CENTRO HISTORICO,7140,EC170103,2170103
PICHINCHA,QUITO,PUENGASI,7225,EC170125,2170125
PICHINCHA,QUITO,CHIMBACALLE,5015,EC170109,2170109
PICHINCHA,QUITO,LA MAGDALENA,5540,EC170121,2170121
PICHINCHA,QUITO,LA FERROVIARIA,7205,EC170119,2170119
PICHINCHA,QUITO,LA ARGELIA,7190,EC170116,2170116
PICHINCHA,QUITO,QUITUMBE,7230,EC170126,2170126
PICHINCHA,QUITO,TURUBAMBA,7260,EC170132,2170132
PICHINCHA,QUITO,GUAMANI,7165,EC170111,2170111
PICHINCHA,QUITO,LA ECUATORIANA,7200,EC170118,2170118
PICHINCHA,QUITO,CHILLOGALLO,5260,EC170108,2170108
PICHINCHA,QUITO,SOLANDA,7255,EC170131,2170131
PICHINCHA,QUITO,LA MENA,7210,EC170122,2170122
PICHINCHA,QUITO,SAN BARTOLO,7240,EC170128,2170128
PICHINCHA,RUMIÑAHUI,SAN RAFAEL,6600,EC170503,2170503
PICHINCHA,RUMIÑAHUI,SAN PEDRO DE TABOADA,6605,EC170502,2170502
PICHINCHA,RUMIÑAHUI,FAJARDO,7535,EC170504,2170504
PICHINCHA,CAYAMBE,JUAN MONTALVO,5495,EC170203,2170203
PICHINCHA,QUITO,CHILIBULO,7155,EC170107,2170107
IMBABURA,IBARRA,LA DOLOROSA DEL PRIORATO,6780,EC100105,2100105
CARCHI,TULCAN,EL CARMELO /EL PUN,1125,EC040151,2040151
CARCHI,TULCAN,JULIO ANDRADE,1885,EC040153,2040153
CARCHI,TULCAN,MALDONADO,2340,EC040154,2040154
CARCHI,TULCAN,PIOTER,2900,EC040155,2040155
CARCHI,TULCAN,TOBAR DONOSO,4040,EC040156,2040156
CARCHI,TULCAN,TUFIÑO,4070,EC040157,2040157
CARCHI,TULCAN,URBINA,4130,EC040158,2040158
CARCHI,TULCAN,EL CHICAL,1195,EC040159,2040159
CARCHI,TULCAN,SANTA MARTHA DE CUBA,1765,EC040161,2040161
CARCHI,BOLIVAR,GARCIA MORENO,1315,EC040251,2040251
CARCHI,BOLIVAR,LOS ANDES,2205,EC040252,2040252
CARCHI,BOLIVAR,MONTEOLIVO,2455,EC040253,2040253
CARCHI,BOLIVAR,SAN VICENTE DE PUSIR,3680,EC040254,2040254
CARCHI,BOLIVAR,SAN RAFAEL,1055,EC040255,2040255
CARCHI,ESPEJO,EL GOALTAL / LAS JUNTAS,1150,EC040351,2040351
CARCHI,ESPEJO,LA LIBERTAD,2040,EC040352,2040352
CARCHI,ESPEJO,SAN ISIDRO,3435,EC040353,2040353
CARCHI,MIRA,LA CONCEPCION,2010,EC040451,2040451
CARCHI,MIRA,JIJON Y CAAMAÑO,1835,EC040452,2040452
CARCHI,MIRA,JUAN MONTALVO,1875,EC040453,2040453
CARCHI,MONTUFAR,CRISTOBAL COLON,0690,EC040551,2040551
CARCHI,MONTUFAR,CHITAN DE NAVARRETES,0910,EC040552,2040552
CARCHI,MONTUFAR,FERNANDEZ SALVADOR,1270,EC040553,2040553
CARCHI,MONTUFAR,LA PAZ,2065,EC040554,2040554
CARCHI,MONTUFAR,PIARTAL,0250,EC040555,2040555
CARCHI,SAN PEDRO DE HUACA,MARISCAL SUCRE,1520,EC040651,2040651
CARCHI,BOLIVAR,BOLIVAR,6520,EC040250,2040250
CARCHI,ESPEJO,EL ANGEL,5295,EC040301,2040301
CARCHI,MONTUFAR,SAN JOSE,5970,EC040502,2040502
CARCHI,SAN PEDRO DE HUACA,HUACA,6665,EC040650,2040650
CARCHI,MONTUFAR,GONZALEZ SUAREZ,5405,EC040501,2040501
CARCHI,TULCAN,GONZALEZ SUAREZ,5415,EC040101,2040101
CARCHI,ESPEJO,27 DE SEPTIEMBRE,6250,EC040302,2040302
CARCHI,TULCAN,TULCAN,6165,EC040102,2040102
IMBABURA,IBARRA,AMBUQUI / CHOTA,0100,EC100151,2100151
IMBABURA,IBARRA,ANGOCHAGUA,0130,EC100152,2100152
IMBABURA,IBARRA,CAROLINA / GUALLUPI,0530,EC100153,2100153
IMBABURA,IBARRA,LA ESPERANZA,2020,EC100154,2100154
IMBABURA,IBARRA,LITA,2185,EC100155,2100155
IMBABURA,IBARRA,SALINAS,3290,EC100156,2100156
IMBABURA,IBARRA,SAN ANTONIO,3315,EC100157,2100157
IMBABURA,ANTONIO ANTE,IMBAYA,1715,EC100251,2100251
IMBABURA,ANTONIO ANTE,SAN FCO. DE NATABUELA,3400,EC100252,2100252
IMBABURA,ANTONIO ANTE,SAN JOSE DE CHALTURA,3465,EC100253,2100253
IMBABURA,ANTONIO ANTE,SAN ROQUE,3640,EC100254,2100254
IMBABURA,COTACACHI,APUELA,0145,EC100351,2100351
IMBABURA,COTACACHI,GARCIA MORENO / LLURIMAGUA,1310,EC100352,2100352
IMBABURA,COTACACHI,IMANTAG,1710,EC100353,2100353
IMBABURA,COTACACHI,PEÑAHERRERA,2820,EC100354,2100354
IMBABURA,COTACACHI,PLAZA GUTIERREZ / CALVARIO,2915,EC100355,2100355
IMBABURA,COTACACHI,QUIROGA,3115,EC100356,2100356
IMBABURA,COTACACHI,6 DE JULIO CUELLAJE,3800,EC100357,2100357
IMBABURA,COTACACHI,VACAS GALINDO,4185,EC100358,2100358
IMBABURA,OTAVALO,DR MIGUEL EGAS / PEGUCHE,1040,EC100451,2100451
IMBABURA,OTAVALO,EUGENIO ESPEJO,1215,EC100452,2100452
IMBABURA,OTAVALO,GONZALEZ SUAREZ,1360,EC100453,2100453
IMBABURA,OTAVALO,PATAQUI,2785,EC100454,2100454
IMBABURA,OTAVALO,SAN JOSE DE QUICHINCHE,3490,EC100455,2100455
IMBABURA,OTAVALO,SAN JUAN DE ILUMAN,3525,EC100456,2100456
IMBABURA,OTAVALO,SAN PABLO,3590,EC100457,2100457
IMBABURA,OTAVALO,SAN RAFAEL,3630,EC100458,2100458
IMBABURA,OTAVALO,SELVA ALEGRE,3810,EC100459,2100459
IMBABURA,PIMAMPIRO,CHUGA,0955,EC100551,2100551
IMBABURA,PIMAMPIRO,MARIANO ACOSTA,2380,EC100552,2100552
IMBABURA,PIMAMPIRO,SAN FRANCISCO DE SIGSIPAMBA,3415,EC100553,2100553
IMBABURA,URCUQUI,CAHUASQUI,0425,EC100651,2100651
IMBABURA,URCUQUI,LA MERCED DE BUENOS AIRES,2060,EC100652,2100652
IMBABURA,URCUQUI,PABLO ARENAS,2675,EC100653,2100653
IMBABURA,URCUQUI,SAN BLAS,3365,EC100654,2100654
IMBABURA,URCUQUI,TUMBABIRO,4080,EC100655,2100655
IMBABURA,ANTONIO ANTE,ATUNTAQUI,5050,EC100202,2100202
IMBABURA,URCUQUI,URCUQUI,6190,EC100650,2100650
IMBABURA,ANTONIO ANTE,ANDRADE MARIN/LOURDES,5025,EC100201,2100201
IMBABURA,IBARRA,CARANQUI,5165,EC100101,2100101
IMBABURA,IBARRA,SAN FRANCISCO,5960,EC100104,2100104
IMBABURA,IBARRA,SAGRARIO,5915,EC100103,2100103
IMBABURA,IBARRA,GUAYAQUIL DE ALPACHACA,5440,EC100102,2100102
IMBABURA,COTACACHI,SAN FRANCISCO,5955,EC100302,2100302
IMBABURA,COTACACHI,SAGRARIO,5910,EC100301,2100301
IMBABURA,OTAVALO,SAN LUIS,5980,EC100402,2100402
IMBABURA,OTAVALO,JORDAN,5490,EC100401,2100401
IMBABURA,PIMAMPIRO,PIMAMPIRO,5750,EC100550,2100550
NAPO,TENA,AHUANO,0025,EC150151,3150151
NAPO,TENA,CHONTAPUNTA,0940,EC150153,3150153
NAPO,TENA,PANO,2755,EC150154,3150154
NAPO,TENA,PUERTO MISAHUALLI,3000,EC150155,3150155
NAPO,TENA,PUERTO NAPO,3050,EC150156,3150156
NAPO,TENA,TALAG,1930,EC150157,3150157
NAPO,TENA,SAN JUAN DE MUYUNA,4580,EC150158,3150158
NAPO,ARCHIDONA,COTUNDO,0685,EC150352,3150352
NAPO,ARCHIDONA,SAN PABLO DE USHPAYACU,3605,EC150354,3150354
NAPO,ARCHIDONA,HATUN SUMAKU,4630,EC150356,3150356
NAPO,EL CHACO,GONZALO DIAZ DE PINEDA,1020,EC150451,3150451
NAPO,EL CHACO,LINARES,2180,EC150452,3150452
NAPO,EL CHACO,OYACACHI,2640,EC150453,3150453
NAPO,EL CHACO,SANTA ROSA DE QUIJOS,3745,EC150454,3150454
NAPO,EL CHACO,SARDINAS,3790,EC150455,3150455
NAPO,QUIJOS,COSANGA,0670,EC150751,3150751
NAPO,QUIJOS,CUYUJA,0765,EC150752,3150752
NAPO,QUIJOS,PAPALLACTA,2770,EC150753,3150753
NAPO,QUIJOS,SAN FRANCISCO DE BORJA,3395,EC150754,3150754
NAPO,QUIJOS,SUMACO,3890,EC150756,3150756
NAPO,TENA,TENA,6160,EC150150,3150150
NAPO,EL CHACO,EL CHACO,5510,EC150450,3150450
NAPO,QUIJOS,BAEZA,5090,EC150750,3150750
NAPO,ARCHIDONA,ARCHIDONA,5070,EC150350,3150350
NAPO,C.J.  AROSEMENA TOLA,CARLOS J. AROSEMENA,6760,EC150950,3150950
ESMERALDAS,ESMERALDAS,CAMARONES,0450,EC080152,1080152
ESMERALDAS,ESMERALDAS,CRNL.CARLOS CONCHA TORRES,0655,EC080153,1080153
ESMERALDAS,ESMERALDAS,CHINCA,0895,EC080154,1080154
ESMERALDAS,ESMERALDAS,MAJUA,2320,EC080159,1080159
ESMERALDAS,ESMERALDAS,SAN MATEO,3570,EC080163,1080163
ESMERALDAS,ESMERALDAS,TABIAZO,3930,EC080165,1080165
ESMERALDAS,ESMERALDAS,TACHINA,3940,EC080166,1080166
ESMERALDAS,ESMERALDAS,VUELTA LARGA,4240,EC080168,1080168
ESMERALDAS,ELOY ALFARO,ANCHAYACU,0120,EC080251,1080251
ESMERALDAS,ELOY ALFARO,ATAHUALPA/CAMARONES,0200,EC080252,1080252
ESMERALDAS,ELOY ALFARO,BORBON,0370,EC080253,1080253
ESMERALDAS,ELOY ALFARO,LA TOLA,2125,EC080254,1080254
ESMERALDAS,ELOY ALFARO,LUIS VARGAS TORRES,2225,EC080255,1080255
ESMERALDAS,ELOY ALFARO,MALDONADO,2335,EC080256,1080256
ESMERALDAS,ELOY ALFARO,PAMPANAL DE BOLIVAR,2670,EC080257,1080257
ESMERALDAS,ELOY ALFARO,SAN FRANCISCO DE ONZOLE,3405,EC080258,1080258
ESMERALDAS,ELOY ALFARO,SANTO DOMINGO DE ONZOLE,4465,EC080259,1080259
ESMERALDAS,ELOY ALFARO,SELVA ALEGRE,3805,EC080260,1080260
ESMERALDAS,ELOY ALFARO,TELEMBI,4170,EC080261,1080261
ESMERALDAS,ELOY ALFARO,COLON ELOY DE MARIA,1510,EC080262,1080262
ESMERALDAS,ELOY ALFARO,SAN JOSE DE CAYAPAS,1505,EC080263,1080263
ESMERALDAS,ELOY ALFARO,TIMBIRE,1515,EC080264,1080264
ESMERALDAS,ELOY ALFARO,SANTA LUCIA DE LAS PEÑAS,4595,EC080265,1080265
ESMERALDAS,MUISNE,BOLIVAR,0355,EC080351,1080351
ESMERALDAS,MUISNE,DAULE,1010,EC080352,1080352
ESMERALDAS,MUISNE,GALERA,1305,EC080353,1080353
ESMERALDAS,MUISNE,QUINGUE,3125,EC080354,1080354
ESMERALDAS,MUISNE,SALIMA,3280,EC080355,1080355
ESMERALDAS,MUISNE,SAN FRANCISCO,3390,EC080356,1080356
ESMERALDAS,MUISNE,SAN GREGORIO,3430,EC080357,1080357
ESMERALDAS,MUISNE,SAN JOSE DE CHAMANGA,3470,EC080358,1080358
ESMERALDAS,QUININDE,CUBE / CHANCAMA,0700,EC080451,1080451
ESMERALDAS,QUININDE,CHURA,0980,EC080452,1080452
ESMERALDAS,QUININDE,MALIMPIA / GUAYLLABAMBA,2345,EC080453,1080453
ESMERALDAS,QUININDE,VICHE,4230,EC080454,1080454
ESMERALDAS,QUININDE,LA UNION,1530,EC080455,1080455
ESMERALDAS,SAN LORENZO,ALTO TAMBO/GUADAL,0070,EC080551,1080551
ESMERALDAS,SAN LORENZO,ANCON/PALMA REAL,0110,EC080552,1080552
ESMERALDAS,SAN LORENZO,CALDERON,0435,EC080553,1080553
ESMERALDAS,SAN LORENZO,CARONDELET,0535,EC080554,1080554
ESMERALDAS,SAN LORENZO,5 DE JUNIO/HUIMBI,0570,EC080555,1080555
ESMERALDAS,SAN LORENZO,CONCEPCION,0620,EC080556,1080556
ESMERALDAS,SAN LORENZO,MATAJE,2395,EC080557,1080557
ESMERALDAS,SAN LORENZO,SAN JAVIER DE CACHABI,3455,EC080558,1080558
ESMERALDAS,SAN LORENZO,SANTA RITA,3725,EC080559,1080559
ESMERALDAS,SAN LORENZO,TAMBILLO,3955,EC080560,1080560
ESMERALDAS,SAN LORENZO,TULULBI /RICAURTE,4075,EC080561,1080561
ESMERALDAS,SAN LORENZO,URBINA,4125,EC080562,1080562
ESMERALDAS,ATACAMES,LA UNION,2130,EC080651,1080651
ESMERALDAS,ATACAMES,SUA/BOCANA,3880,EC080652,1080652
ESMERALDAS,ATACAMES,TONCHIGUE,4055,EC080653,1080653
ESMERALDAS,ATACAMES,TONSUPA,1615,EC080654,1080654
ESMERALDAS,RIO VERDE,CHONTADURO,0930,EC080751,1080751
ESMERALDAS,RIO VERDE,CHUMUNDE,0965,EC080752,1080752
ESMERALDAS,RIO VERDE,LAGARTO,2035,EC080753,1080753
ESMERALDAS,RIO VERDE,MONTALVO / HORQUETA,2445,EC080754,1080754
ESMERALDAS,RIO VERDE,ROCAFUERTE,3215,EC080755,1080755
ESMERALDAS,ESMERALDAS,ESMERALDAS,5335,EC080103,1080103
ESMERALDAS,ELOY ALFARO,VALDEZ/LIMONES/,6205,EC080250,1080250
ESMERALDAS,MUISNE,MUISNE,5670,EC080350,1080350
ESMERALDAS,QUININDE,ROSA ZARATE,5895,EC080450,1080450
ESMERALDAS,SAN LORENZO,SAN LORENZO,6130,EC080550,1080550
ESMERALDAS,ATACAMES,ATACAMES,6380,EC080650,1080650
ESMERALDAS,RIO VERDE,RIO VERDE,6720,EC080750,1080750
ESMERALDAS,ESMERALDAS,5 DE AGOSTO,5210,EC080102,1080102
ESMERALDAS,ESMERALDAS,SIMON PLATA TORRES,6905,EC080105,1080105
ESMERALDAS,ESMERALDAS,LUIS TELLO / LAS PALMAS /,5600,EC080104,1080104
ESMERALDAS,ESMERALDAS,BARTOLOME RUIZ,5205,EC080101,1080101
SUCUMBIOS,LAGO AGRIO,DURENO,1045,EC210152,3210152
SUCUMBIOS,LAGO AGRIO,GENERAL FARFAN,1330,EC210153,3210153
SUCUMBIOS,LAGO AGRIO,EL ENO,1285,EC210155,3210155
SUCUMBIOS,LAGO AGRIO,PACAYACU,1290,EC210156,3210156
SUCUMBIOS,LAGO AGRIO,JAMBELI,1795,EC210157,3210157
SUCUMBIOS,LAGO AGRIO,SANTA CECILIA,1790,EC210158,3210158
SUCUMBIOS,LAGO AGRIO,10 DE AGOSTO,4625,EC210160,3210160
SUCUMBIOS,GONZALO PIZARRO,EL REVENTADOR,0230,EC210251,3210251
SUCUMBIOS,GONZALO PIZARRO,GONZALO PIZARRO,1090,EC210252,3210252
SUCUMBIOS,GONZALO PIZARRO,PUERTO LIBRE,3615,EC210254,3210254
SUCUMBIOS,PUTUMAYO,PALMA ROJA,2720,EC210351,3210351
SUCUMBIOS,PUTUMAYO,PUERTO BOLIVAR,3005,EC210352,3210352
SUCUMBIOS,PUTUMAYO,PUERTO RODRIGUEZ,3020,EC210353,3210353
SUCUMBIOS,PUTUMAYO,SANTA ELENA,3705,EC210354,3210354
SUCUMBIOS,PUTUMAYO,SANSAHUARI,4745,EC210355,3210355
SUCUMBIOS,SHUSHUFINDI,LIMONCOCHA,2175,EC210451,3210451
SUCUMBIOS,SHUSHUFINDI,PANACOCHA,2765,EC210452,3210452
SUCUMBIOS,SHUSHUFINDI,SAN ROQUE,3645,EC210453,3210453
SUCUMBIOS,SHUSHUFINDI,SAN PEDRO DE LOS COFANES,0600,EC210454,3210454
SUCUMBIOS,SHUSHUFINDI,SIETE DE JULIO,0780,EC210455,3210455
SUCUMBIOS,SUCUMBIOS,EL PLAYON DE SN. FRANCISCO,1170,EC210551,3210551
SUCUMBIOS,SUCUMBIOS,LA SOFIA,2095,EC210552,3210552
SUCUMBIOS,SUCUMBIOS,ROSA FLORIDA,3220,EC210553,3210553
SUCUMBIOS,SUCUMBIOS,SANTA BARBARA,3690,EC210554,3210554
SUCUMBIOS,CASCALES,SANTA ROSA DE SUCUMBIOS,3750,EC210651,3210651
SUCUMBIOS,CASCALES,SEVILLA,1095,EC210652,3210652
SUCUMBIOS,CASCALES,NUEVA TRONCAL,9997,,
SUCUMBIOS,CUYABENO,CUYABENO,0760,EC210751,3210751
SUCUMBIOS,CUYABENO,AGUAS NEGRAS,1555,EC210752,3210752
SUCUMBIOS,LAGO AGRIO,NUEVA LOJA,5710,EC210150,3210150
SUCUMBIOS,GONZALO PIZARRO,LUMBAQUI,6300,EC210250,3210250
SUCUMBIOS,PUTUMAYO,EL CARMEN DE PUTUMAYO,6500,EC210350,3210350
SUCUMBIOS,SHUSHUFINDI,SHUSHUFINDI CENTRAL,6140,EC210450,3210450
SUCUMBIOS,SUCUMBIOS,LA BONITA,5525,EC210550,3210550
SUCUMBIOS,CASCALES,EL DORADO DE CASCALES,6325,EC210650,3210650
SUCUMBIOS,CUYABENO,TARAPOA,6765,EC210750,3210750
CHIMBORAZO,GUANO,EL ROSARIO,5315,EC060701,2060701
CHIMBORAZO,RIOBAMBA,CACHA,0420,EC060151,2060151
CHIMBORAZO,RIOBAMBA,CALPI,0445,EC060152,2060152
CHIMBORAZO,RIOBAMBA,CUBIJIES,0705,EC060153,2060153
CHIMBORAZO,RIOBAMBA,FLORES,1280,EC060154,2060154
CHIMBORAZO,RIOBAMBA,LICAN,2160,EC060155,2060155
CHIMBORAZO,RIOBAMBA,LICTO,2165,EC060156,2060156
CHIMBORAZO,RIOBAMBA,PUNGALA,3035,EC060157,2060157
CHIMBORAZO,RIOBAMBA,PUNIN,3040,EC060158,2060158
CHIMBORAZO,RIOBAMBA,QUIMIAG,3095,EC060159,2060159
CHIMBORAZO,RIOBAMBA,SAN JUAN,3515,EC060160,2060160
CHIMBORAZO,RIOBAMBA,SAN LUIS,3560,EC060161,2060161
CHIMBORAZO,RIOBAMBA,VELASCO,6220,EC060103,2060103
CHIMBORAZO,RIOBAMBA,MALDONADO,5630,EC060102,2060102
CHIMBORAZO,RIOBAMBA,VELOZ,6230,EC060104,2060104
CHIMBORAZO,RIOBAMBA,YARUQUIES,6290,EC060105,2060105
CHIMBORAZO,RIOBAMBA,LIZARZABURU,5590,EC060101,2060101
GUAYAS,DURAN,ELOY ALFARO /DURAN,6525,EC090701,1090701
GUAYAS,DURAN,DIVINO NIÑO,7515,EC090703,1090703
GUAYAS,DURAN,EL RECREO,7455,EC090702,1090702
CARCHI,MIRA,MIRA,5685,EC040450,2040450
SANTA ELENA,SANTA ELENA,SANTA ELENA,6040,EC240102,1240102
