SRI_Parish_Code,Parish_Description,INEC_Parish_Code
1070701,ECUADOR,070701
1070702,EL PARAISO,070702
1070703,HUALTACO,070703
1070704,MILTON REYES,070704
1070705,UNION LOJANA,070705
1070750,HUAQUILLAS,070750
1071201,SANTA ROSA,071201
1071202,PUERTO JELI,071202
1071250,SANTA ROSA,071250
1071251,BELLAVISTA,071251
1071252,JAMBELI,071252
1071253,LA AVANZADA,071253
1071254,SAN ANTONIO,071254
1071255,TORATA,071255
1071256,VICTORIA,071256
1071257,BELLAMARIA,071257
1070850,MARCABELI,070850
1070851,EL INGENIO,070851
1070550,CHILLA,070550
1070221,CHACRAS,070221
1070250,ARENILLAS,070250
1070254,PALMALES,070254
1070255,CARCABON,070255
1070901,BOLIVAR,070901
1070902,LOMA DE FRANCO,070902
1070903,OCHOA LEON (MATRIZ),070903
1070904,TRES CERRITOS,070904
1070950,PASAJE,070950
1070951,BUENAVISTA,070951
1070952,CASACAY,070952
1070953,LA PEAÑA,070953
1070954,PROGRESO,070954
1070955,UZHCURRUMI,070955
1070956,CAÑAQUEMADA,070956
1070350,PACCHA,070350
1070351,AYAPAMBA,070351
1070352,CORDONCILLO,070352
1070353,MILAGRO,070353
1070354,SAN JOSE,070354
1070355,SAN JUAN DE CERRO AZUL,070355
1071450,LA VICTORIA,071450
1071451,LA LIBERTAD,071451
1071452,EL PARAISO,071452
1071453,SAN ISIDRO,071453
1071150,PORTOVELO,071150
1071151,CURTINCAPA,071151
1071152,MORALES,071152
1071153,SALATI,071153
1071350,ZARUMA,071350
1071351,ABAÑIN,071351
1071352,ARCAPAMBA,071352
1071353,GUANAZAN,071353
1071354,GUIZHAGUIÑA,071354
1071355,HUERTAS,071355
1071356,MALVAS,071356
1071357,MULUNCAY GRANDE,071357
1071358,SINSAO,071358
1071359,SALVIAS,071359
1070650,EL GUABO,070650
1070651,BARBONES (SUCRE),070651
1070652,LA IBERIA,070652
1070653,TENDALES (CAB. EN PUERTO TENDALES),070653
1070654,RIO BONITO,070654
1071001,LA MATRIZ,071001
1071002,LA SUSAYA,071002
1071003,PIÑAS GRANDE,071003
1071050,PIÑAS,071050
1071051,CAPIRO (CAB. EN LA CAPILLA DE CAPIRO),071051
1071052,LA BOCANA,071052
1071053,MOROMORO (CAB. EN EL VADO),071053
1071054,PIEDRAS,071054
1071055,SAN ROQUE (AMBROSIO MALDONADO),071055
1071056,SARACAY,071056
1070101,LA PROVIDENCIA,070101
1070102,MACHALA,070102
1070103,PUERTO BOLIVAR,070103
1070104,NUEVE DE MAYO,070104
1070105,EL CAMBIO,070105
1070150,MACHALA,070150
1070152,EL RETIRO,070152
1070450,BALSAS,070450
1070451,BELLAMARIA,070451
1091150,NARANJAL,091150
1091151,JESUS MARIA,091151
1091152,SAN CARLOS,091152
1091153,SANTA ROSA DE FLANDES,091153
1091154,TAURA,091154
1091701,BALLENITA,091701
1091702,SANTA ELENA,091702
1091750,SANTA ELENA,091750
1091751,ATAHUALPA,091751
1091752,COLONCHE,091752
1091753,CHANDUY,091753
1091754,MANGLARALTO,091754
1091755,SIMON BOLIVAR (JULIO MORENO),091755
1091756,SAN JOSE DE ANCON,091756
1092850,ISIDRO AYORA,092850
1091901,BOCANA,091901
1091902,CANDILEJOS,091902
1091903,CENTRAL,091903
1091904,PARAISO,091904
1091905,SAN MATEO,091905
1091950,EL SALITRE (LAS RAMAS),091950
1091951,GENERAL VERNAZA (DOS ESTEROS),091951
1091952,LA VICTORIA (ÑAUZA),091952
1091953,JUNQUILLAL,091953
1090650,DAULE,090650
1090652,JUAN BAUTISTA AGUIRRE (LOS TINTOS),090652
1090653,LAUREL,090653
1090654,LIMONAL,090654
1090656,LOS LOJAS (ENRIQUE BAQUERIZO MORENO),090656
1091450,PEDRO CARBO,091450
1091451,VALLE DE LA VIRGEN,091451
1091452,SABANILLA,091452
1092050,SAN JACINTO DE YAGUACHI,092050
1092053,GRAL. PEDRO J. MONTERO (BOLICHE),092053
1092055,YAGUACHI VIEJO (CONE),092055
1092056,VIRGEN DE FATIMA,092056
1090350,BALAO,090350
1091650,SAMBORONDON,091650
1091651,TARIFA,091651
1091501,CARLOS ESPINOZA LARREA,091501
1091502,GRAL ALBERTO GALLO,091502
1091503,VICENTE ROCAFUERTE,091503
1091515,ANCONCITO,091515
1091550,SALINAS,091550
1091552,JOSE LUIS TAMAYO (MUEY),091552
1090450,BALZAR,090450
1092750,GENERAL ANTONIO ELIZALDE (BUCAY),092750
1092150,GENERAL VILLAMIL (PLAYAS),092150
1092450,LOMAS DE SARGENTILLO,092450
1090850,VELASCO IBARRA (EL EMPALME),090850
1090851,GUAYAS (PUEBLO NUEVO),090851
1090852,EL ROSARIO,090852
1091850,SANTA LUCIA,091850
1092650,LA LIBERTAD,092650
1091050,MILAGRO,091050
1091051,CHOBO,091051
1091053,MARISCAL SUCRE (HUAQUES),091053
1090750,ELOY ALFARO (DURAN),090750
1092350,CORONEL MARCELINO MARIDUEÑA (SAN CARLOS),092350
1092250,SIMON BOLIVAR,092250
1092251,CORONEL LORENZO DE GARAICOA (PEDREGAL),092251
1090250,ALFREDO BAQUERIZO MORENO,090250
1091250,NARANJITO,091250
1090550,COLIMES,090550
1090551,SAN JACINTO,090551
1090950,EL TRIUNFO,090950
1091350,PALESTINA,091350
1092550,NARCISA DE JESUS (NOBOL),092550
1090101,AYACUCHO,090101
1090102,BOLIVAR (SAGRARIO),090102
1090103,CARBO (CONCEPCION),090103
1090104,FEBRES CORDERO,090104
1090105,GARCIA MORENO,090105
1090106,LETAMENDI,090106
1090107,NUEVE DE OCTUBRE,090107
1090108,OLMEDO (SAN ALEJO),090108
1090109,ROCA,090109
1090110,ROCAFUERTE,090110
1090111,SUCRE,090111
1090112,TARQUI,090112
1090113,URDANETA,090113
1090114,XIMENA,090114
1090115,PASCUALES,090115
1090116,PASCUALES,090116
1090150,GUAYAQUIL,090150
1090152,JUAN GÓMEZ RENDÓN(PROGRESO),090152
1090153,MORRO,090153
1090156,POSORJA,090156
1090157,PUNA,090157
1090158,TENGUEL,090158
1130601,DOCTOR MIGUEL MORÁN LUCIO,130601
1130602,MANUEL INOCENCIO PARRALES Y GUALE,130602
1130603,SAN LORENZO DE JIPIJAPA,130603
1130650,JIPIJAPA,130650
1130651,AMERICA,130651
1130652,EL ANEGADO (CAB. EN ELOY ALFARO),130652
1130653,JULCUY,130653
1130654,LA UNION,130654
1130656,MEMBRILLAL,130656
1130657,PEDRO PABLO GOMEZ,130657
1130658,PUERTO DE CAYO,130658
1131550,TOSAGUA,131550
1131551,BACHILLERO,131551
1131552,ANGEL PEDRO GILER (LA ESTANCILLA),131552
1131950,PUERTO LOPEZ,131950
1131951,MACHALILLA,131951
1131952,SALANGO,131952
1130401,EL CARMEN,130401
1130404,4 DE DICIEMBRE,130404
1130450,EL CARMEN,130450
1130451,WILFRIDO LOOR MOREIRA (MAICITO),130451
1130452,SAN PEDRO DE SUMA,130452
1131650,SUCRE,131650
1131651,BELLAVISTA,131651
1131652,NOBOA,131652
1131653,ARQ. SIXTO DURAN BALLEN,131653
1131150,PICHINCHA,131150
1131151,BARRAGANETE,131151
1131152,SAN SEBASTIAN,131152
1131750,PEDERNALES,131750
1131751,COJIMIES,131751
1131752,10 DE AGOSTO,131752
1131753,ATAHUALPA,131753
1130301,CHONE,130301
1130302,SANTA RITA,130302
1130350,CHONE,130350
1130351,BOYACA,130351
1130352,CANUTO,130352
1130353,CONVENTO,130353
1130354,CHIBUNGA,130354
1130355,ELOY ALFARO,130355
1130356,RICAURTE,130356
1130357,SAN ANTONIO,130357
1130550,FLAVIO ALFARO,130550
1130551,SAN FRANCISCO DE NOVILLO (CAB. EN NOVILLO),130551
1130552,ZAPALLO,130552
1132050,JAMA,132050
1131050,PAJAN,131050
1131051,CAMPOZANO (LA PALMA DE PAJAN),131051
1131052,CASCOL,131052
1131053,GUALE,131053
1131054,LASCANO,131054
1131401,BAHIA DE CARAQUEZ,131401
1131402,LEONIDAS PLAZA GUTIERREZ,131402
1131450,BAHIA DE CARAQUEZ,131450
1131453,CHARAPOTO,131453
1131457,SAN ISIDRO,131457
1132150,JARAMIJO,132150
1130750,JUNIN,130750
1131301,SANTA ANA,131301
1131302,LODANA,131302
1131350,SANTA ANA DE VUELTA LARGA,131350
1131351,AYACUCHO,131351
1131352,HONORATO VASQUEZ (CAB. EN VASQUEZ),131352
1131353,LA UNION,131353
1131355,SAN PABLO (CAB. EN PUEBLO NUEVO),131355
1132250,SAN VICENTE,132250
1132251,CANOA,132251
1130101,PORTOVIEJO,130101
1130102,12 DE MARZO,130102
1130103,COLÓN,130103
1130104,PICOAZA,130104
1130105,SAN PABLO,130105
1130106,ANDRÉS DE VERA,130106
1130150,PORTOVIEJO,130150
1130151,ABDON CALDERON (SAN FRANCISCO),130151
1130152,ALHAJUELA (BAJO GRANDE),130152
1130153,CRUCITA,130153
1130154,PUEBLO NUEVO,130154
1130155,RIOCHICO (RIO CHICO),130155
1130156,SAN PLACIDO,130156
1130157,CHIRIJOS,130157
1130901,ANÍBAL SAN ANDRÉS,130901
1130902,MONTECRISTI,130902
1130950,MONTECRISTI,130950
1130952,LA PILA,130952
1131250,ROCAFUERTE,131250
1131850,OLMEDO,131850
1130801,LOS ESTEROS,130801
1130802,MANTA,130802
1130803,SAN MATEO,130803
1130804,TARQUI,130804
1130805,ELOY ALFARO,130805
1130850,MANTA,130850
1130851,SAN LORENZO,130851
1130852,SANTA MARIANITA (BOCA DE PACOCHE),130852
1130250,CALCETA,130250
1130251,MEMBRILLO,130251
1130252,QUIROGA,130252
1121150,VALENCIA,121150
1120450,PUEBLOVIEJO,120450
1120451,PUERTO PECHICHE,120451
1120452,SAN JUAN,120452
1120350,MONTALVO,120350
1120950,PALENQUE,120950
1120650,CATARAMA,120650
1120651,RICAURTE,120651
1120501,QUEVEDO,120501
1120502,SAN CAMILO,120502
1120504,GUAYACAN,120504
1120505,NICOLAS INFANTE DIAZ,120505
1120506,SAN CRISTOBAL,120506
1120507,SIETE DE OCTUBRE,120507
1120508,24 DE MAYO,120508
1120509,VENUS DEL RIO QUEVEDO,120509
1120510,VIVA ALFARO,120510
1120550,QUEVEDO,120550
1120553,SAN CARLOS,120553
1120555,LA ESPERANZA,120555
1120850,VINCES,120850
1120750,VENTANAS,120750
1120751,QUINSALOMA,120751
1120752,ZAPOTAL,120752
1121250,MOCACHE,121250
1121050,SAN JACINTO DE BUENA FE,121050
1121051,PATRICIA PILAR,121051
1120101,CLEMENTE BAQUERIZO,120101
1120102,DR. CAMILO PONCE,120102
1120103,BARREIRO,120103
1120104,EL SALTO,120104
1120150,BABAHOYO,120150
1120152,CARACOL,120152
1120154,PIMOCHA,120154
1120155,LA UNION,120155
1120250,BABA,120250
1120251,GUARE,120251
1120252,ISLA DE BEJUCAL,120252
1080350,MUISNE,080350
1080351,BOLIVAR,080351
1080352,DAULE,080352
1080353,GALERA,080353
1080354,QUINGUE (OLMEDO PERDOMO FRANCO),080354
1080355,SALIMA,080355
1080356,SAN FRANCISCO,080356
1080357,SAN GREGORIO,080357
1080358,SAN JOSE DE CHAMANGA (CAB. EN CHAMANGA),080358
1080450,ROSA ZARATE (QUININDE),080450
1080451,CUBE,080451
1080452,CHURA (CHANCAMA) (CAB. EN EL YERBERO),080452
1080453,MALIMPIA,080453
1080454,VICHE,080454
1080455,LA UNION,080455
1080750,RIOVERDE,080750
1080751,CHONTADURO,080751
1080752,CHUMUNDE,080752
1080753,LAGARTO,080753
1080754,MONTALVO (CAB. EN HORQUETA),080754
1080755,ROCAFUERTE,080755
1080101,BARTOLOME RUIZ (CESAR FRANCO CARRION),080101
1080102,5 DE AGOSTO,080102
1080103,ESMERALDAS,080103
1080104,LUIS TELLO (LAS PALMAS),080104
1080150,ESMERALDAS,080150
1080152,CAMARONES (CAB. EN SAN VICENTE),080152
1080153,CORONEL CARLOS CONCHA TORRES (CAB. EN HUELE),080153
1080154,CHINCA,080154
1080159,MAJUA,080159
1080163,SAN MATEO,080163
1080165,TABIAZO,080165
1080166,TACHINA,080166
1080168,VUELTA LARGA,080168
1080250,VALDEZ (LIMONES),080250
1080251,ANCHAYACU,080251
1080252,ATAHUALPA (CAB. EN CAMARONES),080252
1080253,BORBON,080253
1080254,LA TOLA,080254
1080256,MALDONADO,080256
1080257,PAMPANAL DE BOLIVAR,080257
1080258,SAN FRANCISCO DE ONZOLE,080258
1080259,SANTO DOMINGO DE ONZOLE,080259
1080260,SELVA ALEGRE,080260
1080261,TELEMBI,080261
1080262,COLON ELOY DEL MARIA,080262
1080263,SAN JOSE DE CAYAPAS,080263
1080264,TIMBIRE,080264
1080550,SAN LORENZO,080550
1080551,ALTO TAMBO (CAB. EN GUADUAL),080551
1080552,ANCON (PICHANGAL) (CAB. EN PALMA REAL),080552
1080553,CALDERON,080553
1080554,CARONDELET,080554
1080555,5 DE JUNIO (CAB. EN UIMBI),080555
1080556,CONCEPCION,080556
1080557,MATAJE (CAB. EN SANTANDER),080557
1080559,SANTA RITA,080559
1080560,TAMBILLO,080560
1080561,TULULBI (CAB. EN RICAURTE),080561
1080562,URBINA,080562
1080650,ATACAMES,080650
1080651,LA UNION,080651
1080652,SUA (CAB. EN LA BOCANA),080652
1080653,TONCHIGUE,080653
1080654,TONSUPA,080654
9999999,VERIFICAR,999999
4200250,PUERTO VILLAMIL,200250
4200251,TOMAS DE BERLANGA (SANTO TOMAS),200251
4200350,PUERTO AYORA,200350
4200351,BELLAVISTA,200351
4200352,SANTA ROSA (INCLUYE LA ISLA BALTRA),200352
4200150,PUERTO BAQUERIZO MORENO,200150
4200151,EL PROGRESO,200151
4200152,ISLA SANTA MARIA (FLOREANA) (CAB. EN PUERTO VELASCO IBARRA),200152
3190250,ZUMBA,190250
3190251,CHITO,190251
3190252,EL CHORRO,190252
3190254,LA CHONTA,190254
3190256,PUCAPAMBA,190256
3190750,ZUMBI,190750
3190650,EL PANGUI,190650
3190651,EL GUISMI,190651
3190652,PACHICUTZA,190652
3190653,TUNDAYME,190653
3190450,28 DE MAYO (SAN JOSE DE YACUAMBI),190450
3190451,LA PAZ,190451
3190452,TUTUPALI,190452
3190850,PALANDA,190850
3190851,EL PORVENIR DEL CARMEN,190851
3190852,SAN FRANCISCO DE VERGEL,190852
3190853,VALLADOLID,190853
3190550,YANZATZA,190550
3190551,CHICAÑA,190551
3190553,LOS ENCUENTROS,190553
3190350,GUAYZIMI,190350
3190351,ZURMI,190351
3190950,PAQUISHA,190950
3190101,EL LIMON,190101
3190102,ZAMORA,190102
3190150,ZAMORA,190150
3190151,CUMBARATZA,190151
3190152,GUADALUPE,190152
3190153,IMBANA (LA VICTORIA DE IMBANA),190153
3190155,SABANILLA,190155
3190156,TIMBARA,190156
3190158,SAN CARLOS DE LAS MINAS,190158
3140650,SUCUA,140650
3140651,ASUNCION,140651
3140652,HUAMBI,140652
3140655,SANTA MARIANITA DE JESUS,140655
3141250,SANTIAGO,141250
3141251,SAN JOSE DE MORONA,141251
3140350,GENERAL LEONIDAS PLAZA GUTIERREZ (LIMON),140350
3140351,INDANZA,140351
3140353,SAN ANTONIO (CAB. EN SAN ANTONIO CENTRO),140353
3140356,SAN MIGUEL DE CONCHAY,140356
3140357,SANTA SUSANA DE CHIVIAZA (CAB. EN CHIVIAZA),140357
3140358,YUNGANZA (CAB. EN EL ROSARIO),140358
3140150,MACAS,140150
3140153,GENERAL PROAÑO,140153
3140156,SAN ISIDRO,140156
3140157,SEVILLA DON BOSCO,140157
3140158,SINAI,140158
3140160,ZUÑA (ZUÑAC),140160
3140162,CUCHAENTZA,140162
3140164,RIO BLANCO,140164
3141050,LOGROÑO,141050
3141051,YAUPI,141051
3141052,SHIMPIS,141052
3140850,SAN JUAN BOSCO,140850
3140851,PAN DE AZUCAR,140851
3140852,SAN CARLOS DE LIMON,140852
3140853,SAN JACINTO DE WAKAMBEIS,140853
3140854,SANTIAGO DE PANANZA,140854
3140201,GUALAQUIZA,140201
3140202,MERCEDES MOLINA,140202
3140250,GUALAQUIZA,140250
3140251,AMAZONAS (ROSARIO DE CUYES),140251
3140252,BERMEJOS,140252
3140253,BOMBOIZA,140253
3140254,CHIGÜINDA,140254
3140255,EL ROSARIO,140255
3140256,NUEVA TARQUI,140256
3140257,SAN MIGUEL DE CUYES,140257
3140258,EL IDEAL,140258
3140550,SANTIAGO DE MENDEZ,140550
3140551,COPAL,140551
3140552,CHUPIANZA,140552
3140553,PATUCA,140553
3140554,SAN LUIS DE EL ACHO  (CAB. EN EL ACHO),140554
3140556,TAYUZA,140556
3140557,SAN FRANCISCO DE CHINIMBIMI,140557
3140450,PALORA (METZERA),140450
3140451,ARAPICOS,140451
3140452,CUMANDA (CAB. EN COLONIA AGRICOLA SEVILLA DEL ORO),140452
3140454,SANGAY (CAB. EN NAYAMANACA),140454
3140455,16 DE AGOSTO,140455
3141150,PABLO SEXTO,141150
3140750,HUAMBOYA,140750
3140751,CHIGUAZA,140751
3140950,TAISHA,140950
3140952,MACUMA,140952
3140953,TUUTINENTZA,140953
3150450,EL CHACO,150450
3150451,GONZALO DIAZ DE PINEDA (EL BOMBON),150451
3150452,LINARES,150452
3150453,OYACACHI,150453
3150454,SANTA ROSA,150454
3150455,SARDINAS,150455
3150750,BAEZA,150750
3150751,COSANGA,150751
3150752,CUYUJA,150752
3150753,PAPALLACTA,150753
3150754,SAN FRANCISCO DE BORJA (VIRGILIO DAVILA),150754
3150755,SAN JOSE DE PAYAMINO,150755
3150756,SUMACO,150756
3150950,CARLOS JULIO AROSEMENA TOLA,150950
3150350,ARCHIDONA,150350
3150352,COTUNDO,150352
3150354,SAN PABLO DE USHPAYACU,150354
3150150,TENA,150150
3150151,AHUANO,150151
3150153,CHONTAPUNTA,150153
3150154,PANO,150154
3150155,PUERTO MISAHUALLI,150155
3150156,PUERTO NAPO,150156
3150157,TALAG,150157
3160350,SANTA CLARA,160350
3160351,SAN JOSE,160351
3160450,ARAJUNO,160450
3160451,CURARAY,160451
3160150,PUYO,160150
3160152,CANELOS,160152
3160154,DIEZ DE AGOSTO,160154
3160155,FATIMA,160155
3160156,MONTALVO (ANDOAS),160156
3160157,POMONA,160157
3160158,RIO CORRIENTES,160158
3160159,RIO TIGRE,160159
3160161,SARAYACU,160161
3160162,SIMON BOLIVAR,160162
3160163,TARQUI,160163
3160164,TENIENTE HUGO ORTIZ,160164
3160165,VERACRUZ (CAB. EN INDILLAMA),160165
3160166,EL TRIUNFO,160166
3160250,MERA,160250
3160251,MADRE TIERRA,160251
3160252,SHELL,160252
3220350,LA JOYA DE LOS SACHAS,220350
3220351,ENOKANQUI,220351
3220352,POMPEYA,220352
3220353,SAN CARLOS,220353
3220354,SAN SEBASTIÁN DEL COCA,220354
3220356,RUMIPAMBA,220356
3220357,TRES DE NOVIEMBRE,220357
3220358,UNION MILAGREÑA,220358
3220250,NUEVO ROCAFUERTE,220250
3220251,CAPITAN AUGUSTO RIVADENEYRA,220251
3220252,CONONACO,220252
3220253,SANTA MARIA DE HUIRIRIMA,220253
3220254,TIPUTINI,220254
3220255,YASUNI,220255
3220450,LORETO,220450
3220451,ÁVILA (CAB. EN HUIRUNO),220451
3220452,PUERTO MURIALDO,220452
3220453,SAN JOSE DE PAYAMINO,220453
3220454,SAN JOSE DE DAHUANO,220454
3220455,SAN VICENTE DE HUATICOCHA,220455
3220150,PUERTO FRANCISCO DE ORELLANA (EL COCA),220150
3220151,DAYUMA,220151
3220152,TARACOA (NUEVA ESPERANZA: YUCA),220152
3220153,ALEJANDRO LABAKA,220153
3220154,EL DORADO,220154
3220155,EL EDÉN,220155
3220156,GARCÍA MORENO,220156
3220158,LA BELLEZA,220158
3220159,NUEVO PARAÍSO (CAB. EN UNIÓN CHIMBORAZO),220159
3220160,SAN JOSÉ DE GUAYUSA,220160
3220161,SAN LUIS DE ARMENIA,220161
3210450,SHUSHUFINDI,210450
3210451,LIMONCOCHA,210451
3210452,PAÑACOCHA,210452
3210453,SAN ROQUE (CAB. EN SAN VICENTE),210453
3210454,SAN PEDRO DE LOS COFANES,210454
3210455,SIETE DE JULIO,210455
3210650,EL DORADO DE CASCALES,210650
3210651,SANTA ROSA DE SUCUMBIOS,210651
3210652,SEVILLA,210652
3210350,PUERTO EL CARMEN DEL PUTUMAYO,210350
3210351,PALMA ROJA,210351
3210352,PUERTO BOLIVAR (PUERTO MONTUFAR),210352
3210353,PUERTO RODRIGUEZ,210353
3210354,SANTA ELENA,210354
3210250,LUMBAQUI,210250
3210251,EL REVENTADOR,210251
3210252,GONZALO PIZARRO,210252
3210254,PUERTO LIBRE,210254
3210550,LA BONITA,210550
3210551,EL PLAYON DE SAN FRANCISCO,210551
3210552,LA SOFIA,210552
3210553,ROSA FLORIDA,210553
3210554,SANTA BARBARA,210554
3210750,TARAPOA,210750
3210751,CUYABENO,210751
3210752,AGUAS NEGRAS,210752
3210150,NUEVA LOJA,210150
3210152,DURENO,210152
3210153,GENERAL FARFAN,210153
3210155,EL ENO,210155
3210156,PACAYACU,210156
3210157,JAMBELI,210157
3210158,SANTA CECILIA,210158
2100101,CARANQUI,100101
2100102,GUAYAQUIL DE ALPACHACA,100102
2100103,SAGRARIO,100103
2100104,SAN FRANCISCO,100104
2100105,LA DOLOROSA DEL PRIORATO,100105
2100150,IBARRA,100150
2100151,AMBUQUI,100151
2100152,ANGOCHAGUA,100152
2100153,CAROLINA,100153
2100154,LA ESPERANZA,100154
2100155,LITA,100155
2100156,SALINAS,100156
2100157,SAN ANTONIO,100157
2100301,SAGRARIO,100301
2100302,SAN FRANCISCO,100302
2100350,COTACACHI,100350
2100351,APUELA,100351
2100352,GARCIA MORENO (LLURIMAGUA),100352
2100353,IMANTAG,100353
2100354,PEÑAHERRERA,100354
2100355,PLAZA GUTIERREZ (CALVARIO),100355
2100356,QUIROGA,100356
2100357,SEIS DE JULIO DE CUELLAJE (CAB. EN CUELLAJE),100357
2100358,VACAS GALINDO (EL CHURO) (CAB.EN SAN MIGUEL ALTO),100358
2100650,URCUQUI,100650
2100651,CAHUASQUI,100651
2100652,LA MERCED DE BUENOS AIRES,100652
2100653,PABLO ARENAS,100653
2100654,SAN BLAS,100654
2100655,TUMBABIRO,100655
2100401,JORDAN,100401
2100402,SAN LUIS,100402
2100404,SAN JOSE DE QUICHINCHE,100404
2100450,OTAVALO,100450
2100451,DOCTOR MIGUEL EGAS CABEZAS (PEGUCHE),100451
2100452,EUGENIO ESPEJO (CALPAQUI),100452
2100453,GONZALEZ SUAREZ,100453
2100454,PATAQUI,100454
2100456,SAN JUAN DE ILUMAN,100456
2100457,SAN PABLO,100457
2100458,SAN RAFAEL,100458
2100459,SELVA ALEGRE (CAB. EN SAN JOSE DE PAMPLONA),100459
2100201,ANDRADE MARIN (LOURDES),100201
2100202,ATUNTAQUI,100202
2100250,ATUNTAQUI,100250
2100251,IMBAYA (SAN LUIS DE COBUENDO),100251
2100252,SAN FRANCISCO DE NATABUEL,100252
2100253,SAN JOSE DE CHALTURA,100253
2100254,SAN ROQUE,100254
2100550,PIMAMPIRO,100550
2100551,CHUGA,100551
2100552,MARIANO ACOSTA,100552
2100553,SAN FRANCISCO DE SIGSIPAMBA,100553
2060550,CHUNCHI,060550
2060551,CAPZOL,060551
2060552,COMPUD,060552
2060553,GONZOL,060553
2060554,LLAGOS,060554
2060701,EL ROSARIO,060701
2060702,LA MATRIZ,060702
2060750,GUANO,060750
2060751,GUANANDO,060751
2060752,ILAPO,060752
2060753,LA PROVIDENCIA,060753
2060754,SAN ANDRES,060754
2060755,SAN GERARDO DE PACAICAGUAN,060755
2060756,SAN ISIDRO DE PATULU,060756
2060757,SAN JOSE DEL CHAZO,060757
2060758,SANTA FE DE GALAN,060758
2060759,VALPARAISO,060759
2060301,CAJABAMBA,060301
2060302,SICALPA,060302
2060350,VILLA LA UNION (CAJABAMBA),060350
2060351,CAÑI,060351
2060352,COLUMBE,060352
2060353,JUAN DE VELASCO (PANGOR),060353
2061050,CUMANDA,061050
2060850,PALLATANGA,060850
2060650,GUAMOTE,060650
2060651,CEBADAS,060651
2060652,PALMIRA,060652
2060450,CHAMBO,060450
2060250,ALAUSI,060250
2060251,ACHUPALLAS,060251
2060253,GUASUNTOS,060253
2060254,HUIGRA,060254
2060255,MULTITUD,060255
2060256,PISTISHI (NARIZ DEL DIABLO),060256
2060257,PUMALLACTA,060257
2060258,SEVILLA,060258
2060259,SIBAMBE,060259
2060260,TIXAN,060260
2060950,PENIPE,060950
2060951,EL ALTAR,060951
2060952,MATUS,060952
2060953,PUELA,060953
2060954,SAN ANTONIO DE BAYUSHIG,060954
2060955,LA CANDELARIA,060955
2060101,LIZARZABURU,060101
2060102,MALDONADO,060102
2060103,VELASCO,060103
2060104,VELOZ,060104
2060105,YARUQUIES,060105
2060106,LICAN,060106
2060150,RIOBAMBA,060150
2060151,CACHA (CAB. EN MACHANGARA),060151
2060152,CALPI,060152
2060153,CUBIJIES,060153
2060154,FLORES,060154
2060156,LICTO,060156
2060157,PUNGALA,060157
2060158,PUNIN,060158
2060159,QUIMIAG,060159
2060160,SAN JUAN,060160
2060161,SAN LUIS,060161
2050202,LA MANÁ,050202
2050250,LA MANA,050250
2050251,GUASAGANDA (CAB. EN GUASAGANDA CENTRO),050251
2050252,PUCAYACU,050252
2050350,EL CORAZON,050350
2050351,MORASPUNGO,050351
2050352,PINLLOPATA,050352
2050353,RAMON CAMPAÑA,050353
2050650,SAQUISILI,050650
2050651,CANCHAGUA,050651
2050652,CHANTILIN,050652
2050653,COCHAPAMBA,050653
2050550,SAN MIGUEL,050550
2050551,ANTONIO JOSE HOLGUIN (SANTA LUCIA),050551
2050552,CUSUBAMBA,050552
2050553,MULALILLO,050553
2050554,MULLIQUINDIL (SANTA ANA),050554
2050555,PANSALEO,050555
2050101,ELOY ALFARO (SAN FELIPE),050101
2050102,IGNACIO FLORES (PARQUE FLORES),050102
2050103,JUAN MONTALVO (SAN SEBASTIAN),050103
2050104,LA MATRIZ,050104
2050105,SAN BUENAVENTURA,050105
2050150,LATACUNGA,050150
2050151,ALAQUES (ALAQUEZ),050151
2050152,BELISARIO QUEVEDO (GUANAILIN),050152
2050153,GUAITACAMA (GUAYTACAMA),050153
2050154,JOSEGUANGO BAJO,050154
2050156,MULALO,050156
2050157,11 DE NOVIEMBRE (ILINCHISI),050157
2050158,POALO,050158
2050159,SAN JUAN DE PASTOCALLE,050159
2050161,TANICUCHI,050161
2050162,TOACASO,050162
2050450,PUJILI,050450
2050451,ANGAMARCA,050451
2050453,GUANGAJE,050453
2050455,LA VICTORIA,050455
2050456,PILALO,050456
2050457,TINGO,050457
2050458,ZUMBAHUA,050458
2050750,SIGCHOS,050750
2050751,CHUGCHILAN,050751
2050752,ISINLIVI,050752
2050753,LAS PAMPAS,050753
2050754,PALO QUEMADO,050754
2040501,GONZALEZ SUAREZ,040501
2040502,SAN JOSE,040502
2040550,SAN GABRIEL,040550
2040551,CRISTOBAL COLON,040551
2040552,CHITAN DE NAVARRETE,040552
2040553,FERNANDEZ SALVADOR,040553
2040554,LA PAZ,040554
2040555,PIARTAL,040555
2040301,EL ANGEL,040301
2040302,27 DE SEPTIEMBRE,040302
2040350,EL ANGEL,040350
2040351,EL GOALTAL,040351
2040352,LA LIBERTAD (ALIZO),040352
2040353,SAN ISIDRO,040353
2040650,HUACA,040650
2040651,MARISCAL SUCRE,040651
2040450,MIRA (CHONTAHUASI),040450
2040451,CONCEPCION,040451
2040452,JIJON Y CAAMAÑO (CAB. EN RIO BLANCO),040452
2040453,JUAN MONTALVO (SAN IGNACIO DE QUIL),040453
2040101,GONZALEZ SUAREZ,040101
2040102,TULCAN,040102
2040150,TULCAN,040150
2040151,EL CARMELO (EL PUN),040151
2040153,JULIO ANDRADE (OREJUELA),040153
2040154,MALDONADO,040154
2040155,PIOTER,040155
2040156,TOBAR DONOSO (LA BOCANA DE CAMUMBI),040156
2040157,TUFIÑO,040157
2040158,URBINA (TAYA),040158
2040159,EL CHICAL,040159
2040161,SANTA MARTHA DE CUBA,040161
2040250,BOLIVAR,040250
2040251,GARCIA MORENO,040251
2040252,LOS ANDES,040252
2040253,MONTE OLIVO,040253
2040254,SAN VICENTE DE PUSIR,040254
2040255,SAN RAFAEL,040255
2110750,GONZANAMA,110750
2110751,CHANGAIMINA (LA LIBERTAD),110751
2110753,NAMBACOLA,110753
2110754,PURUNUMA (EGUIGUREN),110754
2110756,SACAPALCA,110756
2110201,CARIAMANGA,110201
2110202,CHILE,110202
2110203,SAN VICENTE,110203
2110250,CARIAMANGA,110250
2110251,COLAISACA,110251
2110252,EL LUCERO,110252
2110253,UTUANA,110253
2110254,SANGUILLIN,110254
2110450,CELICA,110450
2110451,CRUZPAMBA (CAB. EN CARLOS BUSTAMANTE),110451
2110455,POZUL (SAN JUAN DE POZUL),110455
2110456,SABANILLA,110456
2110457,TENIENTE MAXIMILIANO RODRIGUEZ LOAIZA,110457
2110550,CHAGUARPAMBA,110550
2110551,BUENAVISTA,110551
2110552,EL ROSARIO,110552
2110553,SANTA RUFINA,110553
2110554,AMARILLOS,110554
2111250,SOZORANGA,111250
2111251,NUEVA FATIMA,111251
2111252,TACAMOROS,111252
2110901,CATACOCHA,110901
2110902,LOURDES,110902
2110950,CATACOCHA,110950
2110951,CANGONAMA,110951
2110952,GUACHANAMA,110952
2110954,LAURO GUERRERO,110954
2110956,ORIANGA,110956
2110957,SAN ANTONIO,110957
2110958,CASANGA,110958
2110959,YAMANA,110959
2111350,ZAPOTILLO,111350
2111352,GARZAREAL,111352
2111353,LIMONES,111353
2111354,PALETILLAS,111354
2111150,SARAGURO,111150
2111151,EL PARAISO DE CELEN,111151
2111152,EL TABLON,111152
2111153,LLUZHAPA,111153
2111154,MANU,111154
2111155,SAN ANTONIO DE QUIMBE (CUMBE),111155
2111156,SAN PABLO DE TENTA,111156
2111157,SAN SEBASTIAN DE YULUC,111157
2111158,SELVA ALEGRE,111158
2111159,URDANETA (PAQUISHAPA),111159
2111050,ALAMOR,111050
2111051,CIANO,111051
2111052,EL ARENAL,111052
2111053,EL LIMO (MARIANA DE JESUS),111053
2111054,MERCADILLO,111054
2111055,VICENTINO,111055
2110801,GENERAL ELOY ALFARO (SAN SEBASTIAN),110801
2110802,MACARA (MANUEL ENRIQUE RANGEL SUQUILANDA),110802
2110850,MACARA,110850
2110851,LARAMA,110851
2110852,LA VICTORIA,110852
2110853,SABIANGO (LA CAPILLA),110853
2111450,PINDAL,111450
2111451,CHAQUINAL,111451
2111452,12 DE DICIEMBRE (CAB. EN ACHIOTES),111452
2110301,CATAMAYO,110301
2110302,SAN JOSE,110302
2110350,CATAMAYO (LA TOMA),110350
2110351,EL TAMBO,110351
2110352,GUAYQUICHUMA,110352
2110353,SAN PEDRO DE LA BENDITA,110353
2110354,ZAMBI,110354
2110101,EL SAGRARIO,110101
2110102,SAN SEBASTIAN,110102
2110103,SUCRE,110103
2110104,VALLE,110104
2110150,LOJA,110150
2110151,CHANTACO,110151
2110152,CHUQUIRIBAMBA,110152
2110153,EL CISNE,110153
2110154,GUALEL,110154
2110155,JIMBILLA,110155
2110156,MALACATOS (VALLADOLID),110156
2110157,SAN LUCAS,110157
2110158,SAN PEDRO DE VILCABAMBA,110158
2110159,SANTIAGO,110159
2110160,TAQUIL (MIGUEL RIOFRIO),110160
2110161,VILCABAMBA (VICTORIA),110161
2110162,YANGANA (ARSENIO CASTILLO),110162
2110163,QUINARA,110163
2110650,AMALUZA,110650
2110651,BELLAVISTA,110651
2110652,JIMBURA,110652
2110653,SANTA TERESITA,110653
2230201,LA CONCORDIA,230201
2230202,MONTERREY,230202
2230203,LA VILLEGAS,230203
2230204,PLAN PILOTO,230204
2111356,CAZADEROS,111356
1090608,VICENTE PIEDRAHITA,090608
1090151,CHONGON,090151
1071203,BALNEARIO JAMBELI (SATELITE),071203
1071204,JUMON (SATELITE),071204
1071401,LA VICTORIA,071401
1071402,PLATANILLOS,071402
1071403,VALLE HERMOSO,071403
1090601,DAULE,090601
1090602,LA AURORA (SATÉLITE),090602
1090603,BANIFE,090603
1090604,EMILIANO CAICEDO MARCOS,090604
1090605,MAGRO,090605
1090606,PADRE JUAN BAUTISTA AGUIRRE,090606
1090607,SANTA CLARA,090607
1091601,SAMBORONDON,091601
1091602,LA PUNTILLA (SATELITE),091602
1130107,FRANCISCO PACHECO,130107
1130108,18 DE OCTUBRE,130108
1130109,SIMON BOLIVAR,130109
1121001,SAN JACINTO DE BUENA FE,121001
1121002,7 DE AGOSTO,121002
1121003,11 DE OCTUBRE,121003
1121350,QUINSALOMA,121350
1080105,SIMON PLATA TORRES,080105
1080850,LA CONCORDIA,080850
1240250,LA LIBERTAD,240250
1240301,CARLOS ESPINOZA LARREA,240301
1240302,GRAL ALBERTO ENRIQUEZ GALLO,240302
1240303,VICENTE ROCAFUERTE,240303
1240304,SANTA ROSA,240304
1240350,SALINAS,240350
1240351,ANCONCITO,240351
1240352,JOSÉ LUIS TAMAYO (MUEY),240352
1240101,BALLENITA,240101
1240102,SANTA ELENA,240102
1240150,SANTA ELENA,240150
1240151,ATAHUALPA,240151
1240152,COLONCHE,240152
1240153,CHANDUY,240153
1240154,MANGLARALTO,240154
1240155,SIMON BOLIVAR (JULIO MORENO),240155
1240156,SAN JOSE DE ANCON,240156
3190259,SAN ANDRES,190259
3190951,BELLAVISTA,190951
3190952,NUEVO QUITO,190952
2100455,SAN JOSE DE QUICHINCHE,100455
2111355,BOLASPAMBA,111355
2111160,SUMAYPAMBA,111160
2180701,PELILEO,180701
2180702,PELILEO GRANDE,180702
2020702,LAS NAVES,020702
2010455,LA PAZ,010455
2010360,SIMON BOLIVAR (CAB. EN GAÑANZOL),010360
2230101,ABRAHAM CALAZACON,230101
2230102,BOMBOLI,230102
2230103,CHIGUILPE,230103
2230104,RIO TOACHI,230104
2230150,SANTO DOMINGO DE LOS COLORADOS,230150
2230151,ALLURIQUIN,230151
2230152,PUERTO LIMON,230152
2230153,LUZ DE AMERICA,230153
2230154,SAN JACINTO DEL BUA,230154
2230155,VALLE HERMOSO,230155
2230156,EL ESFUERZO,230156
2230157,SANTA MARIA DEL TOACHI,230157
3140151,ALSHI (CAB. EN 9 DE OCTUBRE),140151
3140951,HUASAGA (CAB. EN WAMPUIK),140951
3210160,10 DE AGOSTO,210160
3150158,SAN JUAN DE MUYUNA,150158
3140954,PUMPUENTSA,140954
1071205,NUEVO SANTA ROSA,071205
1090702,EL RECREO,090702
1130904,GENERAL ELOY ALFARO,130904
2050203,EL TRIUNFO,050203
2010854,"SAN SALVADOR DE CAÑARIBAMBA
",010854
2230253,PLAN PILOTO,230253
2230250,LA CONCORDIA,230250
2230251,MONTERREY,230251
2230252,LA VILLEGAS,230252
3210355,SANSAHUARI,210355
2170129,SAN ISIDRO DEL INCA,170129
3190854,LA CANELA,190854
3150356,HATUN SUMAKU,150356
1091004,CORONEL ENRIQUE VALDEZ,091004
1091006,JOSE MARIA VELASCO IBARRA,091006
1091003,CHIRIJOS,091003
1091005,ROSA MARIA,091005
2110106,PUNZARA,110106
1091001,CAMILO ANDRADE,091001
1091008,ERNESTO SEMINARIO,091008
2170504,FAJARDO,170504
3190353,NANKAIS,190353
1090703,DIVINO NIÑO,090703
3210653,NUEVA TRONCAL,210653
1091009,LAS PIÑAS,091009
1070256,LA CUCA,070256
1091007,VICENTE ROCAFUERTE,091007
1091002,ELOY ALFARO,091002
2110105,CARIGAN,110105
2110655,EL INGENIO,110655
2110656,EL AIRO,110656
2111550,QUILANGA,111550
2111551,FUNDOCHAMBA,111551
2111552,SAN ANTONIO DE LAS ARADAS (CAB. EN LAS ARADAS),111552
2111650,OLMEDO,111650
2111651,LA TINGUE,111651
2170750,SAN MIGUEL DE LOS BANCOS,170750
2170751,MINDO,170751
2170450,TABACUNDO,170450
2170451,LA ESPERANZA,170451
2170452,MALCHINGUI,170452
2170453,TOCACHI,170453
2170454,TUPIGACHI,170454
2170850,PEDRO VICENTE MALDONADO,170850
2170201,AYORA,170201
2170202,CAYAMBE,170202
2170203,JUAN MONTALVO,170203
2170250,CAYAMBE,170250
2170251,ASCAZUBI,170251
2170252,CANGAHUA,170252
2170253,OLMEDO (PESILLO),170253
2170254,OTON,170254
2170255,SANTA ROSA DE CUZUBAMBA,170255
2170950,PUERTO QUITO,170950
2170601,ABRAHAM CALAZACON,170601
2170602,BOMBOLI,170602
2170603,CHINGUILPE,170603
2170604,RIO TOACHI,170604
2170605,RIO VERDE,170605
2170606,SANTO DOMINGO DE LOS COLORADOS,170606
2170607,ZARACAY,170607
2170650,SANTO DOMINGO DE LOS COLORADOS,170650
2170651,ALLURIQUIN,170651
2170652,PUERTO LIMON,170652
2170653,LUZ DE AMERICA,170653
2170654,SAN JACINTO DEL BUA,170654
2170655,VALLE HERMOSO,170655
2170656,EL ESFUERZO,170656
2170657,SANTA MARIA DEL TOACHI,170657
2170101,BELISARIO QUEVEDO,170101
2170102,CARCELÉN,170102
2170103,CENTRO HISTÓRICO,170103
2170104,COCHAPAMBA,170104
2170105,COMITÉ DEL PUEBLO,170105
2170106,COTOCOLLAO,170106
2170107,CHILIBULO,170107
2170108,CHILLOGALLO,170108
2170109,CHIMBACALLE,170109
2170110,EL CONDADO,170110
2170111,GUAMANÍ,170111
2170112,IÑAQUITO,170112
2170113,ITCHIMBIA,170113
2170114,JIPIJAPA,170114
2170115,KENNEDY,170115
2170116,LA ARGELIA,170116
2170117,LA CONCEPCIÓN,170117
2170118,LA ECUATORIANA,170118
2170119,LA FERROVIARIA,170119
2170120,LA LIBERTAD,170120
2170121,LA MAGDALENA,170121
2170122,LA MENA,170122
2170123,MARISCAL SUCRE,170123
2170124,PONCEANO,170124
2170125,PUENGASÍ,170125
2170126,QUITUMBE,170126
2170127,RUMIPAMBA,170127
2170128,SAN BARTOLO,170128
2170135,ATAHUALPA (HABASPAMBA),170135
2170150,QUITO DISTRITO METROPOLITANO,170150
2170151,ALANGASI,170151
2170152,AMAGUAÑA,170152
2170154,CALACALI,170154
2170155,CALDERON (CARAPUNGO),170155
2170156,CONOCOTO,170156
2170157,CUMBAYA,170157
2170158,CHAVEZPAMBA,170158
2170159,CHECA (CHILPA),170159
2170160,EL QUINCHE,170160
2170161,GUALEA,170161
2170162,GUANGOPOLO,170162
2170163,GUAYLLABAMBA,170163
2170164,LA MERCED,170164
2170165,LLANO CHICO,170165
2170166,LLOA,170166
2170168,NANEGAL,170168
2170169,NANEGALITO,170169
2170170,NAYON,170170
2170171,NONO,170171
2170172,PACTO,170172
2170174,PERUCHO,170174
2170175,PIFO,170175
2170176,PINTAG,170176
2170177,POMASQUI,170177
2170178,PUELLARO,170178
2170179,PUEMBO,170179
2170180,SAN ANTONIO,170180
2170181,SAN JOSE DE MINAS,170181
2170183,TABABELA,170183
2170184,TUMBACO,170184
2170185,YARUQUI,170185
2170186,ZAMBIZA,170186
2170350,MACHACHI,170350
2170351,ALOAG,170351
2170352,ALOASI,170352
2170353,CUTUGLAHUA,170353
2170354,EL CHAUPI,170354
2170355,MANUEL CORNEJO ASTORGA (TANDAPI),170355
2170356,TAMBILLO,170356
2170357,UYUMBICHO,170357
2170501,SANGOLQUI,170501
2170502,SAN PEDRO DE TABOADA,170502
2170503,SAN RAFAEL,170503
2170550,SANGOLQUI,170550
2170551,COTOGCHOA,170551
2170552,RUMIPAMBA,170552
2030350,CAÑAR,030350
2030351,CHONTAMARCA,030351
2030352,CHOROCOPTE,030352
2030353,GENERAL MORALES (SOCARTE),030353
2030354,GUALLETURO,030354
2030355,HONORATO VASQUEZ (TAMBO VIEJO),030355
2030356,INGAPIRCA,030356
2030357,JUNCAL,030357
2030358,SAN ANTONIO,030358
2030361,ZHUD,030361
2030362,VENTURA,030362
2030363,DUCUR,030363
2030450,LA TRONCAL,030450
2030451,MANUEL J. CALLE,030451
2030452,PANCHO NEGRO,030452
2030550,EL TAMBO,030550
2030101,AURELIO BAYAS MARTINEZ,030101
2030102,AZOGUES,030102
2030103,BORRERO,030103
2030104,SAN FRANCISCO,030104
2030150,AZOGUES,030150
2030151,COJITAMBO,030151
2030153,GUAPAN,030153
2030154,JAVIER LOYOLA (CHUQUIPATA),030154
2030155,LUIS CORDERO,030155
2030156,PINDILIG,030156
2030157,RIVERA,030157
2030158,SAN MIGUEL,030158
2030160,TADAY,030160
2030250,BIBLIAN,030250
2030251,NAZON (CAB. EN PAMPA DE DOMINGUEZ),030251
2030252,SAN FRANCISCO DE SAGEO,030252
2030253,TURUPAMBA,030253
2030254,JERUSALEN,030254
2030750,SUSCAL,030750
2030650,DELEG,030650
2030651,SOLANO,030651
2180650,QUERO,180650
2180651,RUMIPAMBA,180651
2180250,BAÑOS DE AGUA SANTA,180250
2180251,LLIGUA,180251
2180252,RIO NEGRO,180252
2180253,RIO VERDE,180253
2180254,ULBA,180254
2180101,ATOCHA - FICOA,180101
2180102,CELIANO MONGE,180102
2180103,HUACHI CHICO,180103
2180104,HUACHI LORETO,180104
2180105,LA MERCED,180105
2180106,LA PENINSULA,180106
2180107,MATRIZ,180107
2180108,PISHILATA,180108
2180109,SAN FRANCISCO,180109
2180150,AMBATO,180150
2180151,AMBATILLO,180151
2180152,ATAHUALPA (CHISALATA),180152
2180153,AUGUSTO N. MARTINEZ (MUNDUGLEO),180153
2180154,CONSTANTINO FERNÁNDEZ (CAB. EN CULLITAHUA),180154
2180155,HUACHI GRANDE,180155
2180156,IZAMBA,180156
2180157,JUAN BENIGNO VELA,180157
2180158,MONTALVO,180158
2180159,PASA,180159
2180160,PICAIGUA,180160
2180161,PILAGUIN (PILAHUIN),180161
2180162,QUISAPINCHA (QUIZAPINCHA),180162
2180163,SAN BARTOLOME DE PINLLOG,180163
2180164,SAN FERNANDO (PASA SAN FERNANDO),180164
2180165,SANTA ROSA,180165
2180166,TOTORAS,180166
2180167,CUNCHIBAMBA,180167
2180168,UNAMUNCHO,180168
2180450,MOCHA,180450
2180451,PINGUILI,180451
2180350,CEVALLOS,180350
2180750,PELILEO,180750
2180751,BENITEZ (PACHANLICA),180751
2180752,BOLIVAR,180752
2180753,COTALO,180753
2180754,CHIQUICHA (CAB. EN CHIQUICHA GRANDE),180754
2180755,EL ROSARIO (RUMICHACA),180755
2180756,GARCIA MORENO (CHUMAQUI),180756
2180757,GUAMBALO (HUAMBALO),180757
2180758,SALASACA,180758
2180950,TISALEO,180950
2180951,QUINCHICOTO,180951
2180550,PATATE,180550
2180551,EL TRIUNFO,180551
2180552,LOS ANDES (CAB. EN POATUG),180552
2180553,SUCRE (CAB. EN SUCRE-PATATE URCU),180553
2180801,CIUDAD NUEVA,180801
2180802,PILLARO,180802
2180850,PILLARO,180850
2180851,BAQUERIZO MORENO,180851
2180852,EMILIO MARIA TERAN (RUMIPAMBA),180852
2180853,MARCOS ESPINEL (CHACATA),180853
2180854,PRESIDENTE URBINA (CHAGRAPAMBA-PATZUCUL),180854
2180855,SAN ANDRES,180855
2180856,SAN JOSE DE POALO,180856
2180857,SAN MIGUELITO,180857
2020550,SAN MIGUEL,020550
2020551,BALSAPAMBA,020551
2020552,BILOVAN,020552
2020553,REGULO DE MORA,020553
2020554,SAN PABLO (SAN PABLO DE ATENAS),020554
2020555,SANTIAGO,020555
2020556,SAN VICENTE,020556
2020350,SAN JOSE DE CHIMBO,020350
2020351,ASUNCION (ASANCOTO),020351
2020353,MAGDALENA (CHAPACOTO),020353
2020354,SAN SEBASTIAN,020354
2020355,TELIMBELA,020355
2020701,LAS MERCEDES,020701
2020750,LAS NAVES,020750
2020450,ECHEANDIA,020450
2020250,CHILLANES,020250
2020251,SAN JOSE DEL TAMBO (TAMBOPAMBA),020251
2020650,CALUMA,020650
2020101,ANGEL POLIBIO CHAVEZ,020101
2020102,GABRIEL IGNACIO VEINTIMILLA,020102
2020103,GUANUJO,020103
2020150,GUARANDA,020150
2020151,FACUNDO VELA,020151
2020153,JULIO E. MORENO (CATAHUAN GRANDE),020153
2020155,SALINAS,020155
2020156,SAN LORENZO,020156
2020157,SAN SIMON (YACOTO),020157
2020158,SANTAFE (SANTA FE),020158
2020159,SIMIATUG,020159
2020160,SAN LUIS DE PAMBIL,020160
2011550,CAMILO PONCE ENRIQUEZ,011550
2011551,EL CARMEN DE PIJILI,011551
2011150,CHORDELEG,011150
2011151,PRINCIPAL,011151
2011152,LA UNION,011152
2011153,LUIS GALARZA ORELLANA (CAB.EN DELEGSOL),011153
2011154,SAN MARTIN DE PUZHIO,011154
2011450,GUACHAPALA,011450
2011050,SAN FELIPE DE OÑA,011050
2011051,SUSUDEL,011051
2010850,SANTA ISABEL (CHAGUARURCO),010850
2010851,ABDON CALDERON (LA UNION),010851
2010852,EL CARMEN DE PIJILI,010852
2010853,ZHAGLLI (SHAGLLI),010853
2011350,SEVILLA DE ORO,011350
2011351,AMALUZA,011351
2011352,PALMAS,011352
2010450,NABON,010450
2010451,COCHAPATA,010451
2010452,EL PROGRESO (CAB. EN ZHOTA),010452
2010453,LAS NIEVES (CHAYA),010453
2010750,SAN FERNANDO,010750
2010751,CHUMBLIN,010751
2010650,PUCARA,010650
2010652,SAN RAFAEL DE SHARUG,010652
2010350,GUALACEO,010350
2010352,DANIEL CORDOVA TORAL (EL ORIENTE),010352
2010353,JADAN,010353
2010354,MARIANO MORENO,010354
2010356,REMIGIO CRESPO TORAL (GULAG),010356
2010357,SAN JUAN,010357
2010358,ZHIDMAD,010358
2010359,LUIS CORDERO VEGA,010359
2010550,PAUTE,010550
2010552,BULAN (JOSE VICTOR IZQUIERDO),010552
2010553,CHICAN (GUILLERMO ORTEGA),010553
2010554,EL CABO,010554
2010556,GUARAINAG,010556
2010559,SAN CRISTOBAL (CARLOS ORDOÑEZ LAZO),010559
2010561,TOMEBAMBA,010561
2010562,DUG-DUG,010562
2010950,SIGSIG,010950
2010951,CUCHIL (CUTCHIL),010951
2010952,GIMA,010952
2010953,GUEL,010953
2010954,LUDO,010954
2010955,SAN BARTOLOME,010955
2010956,SAN JOSE DE RARANGA,010956
2010250,GIRON,010250
2010251,ASUNCION,010251
2010252,SAN GERARDO,010252
2010101,BELLAVISTA,010101
2010102,CAÑARIBAMBA,010102
2010103,EL BATAN,010103
2010104,EL SAGRARIO,010104
2010105,EL VECINO,010105
2010106,GIL RAMIREZ DAVALOS,010106
2010107,HUAYNACAPAC,010107
2010108,MACHANGARA,010108
2010109,MONAY,010109
2010110,SAN BLAS,010110
2010111,SAN SEBASTIAN,010111
2010112,SUCRE,010112
2010113,TOTORACOCHA,010113
2010114,YANUNCAY,010114
2010115,HERMANO MIGUEL,010115
2010150,CUENCA,010150
2010151,BAÑOS,010151
2010152,CUMBE,010152
2010153,CHAUCHA,010153
2010154,CHECA (JIDCAY),010154
2010155,CHIQUINTAD,010155
2010156,LLACAO,010156
2010157,MOLLETURO,010157
2010158,NULTI,010158
2010159,OCTAVIO CORDERO PALACIOS (SANTA ROSA),010159
2010160,PACCHA,010160
2010161,QUINGEO,010161
2010162,RICAURTE,010162
2010163,SAN JOAQUIN,010163
2010164,SANTA ANA,010164
2010165,SAYAUSI,010165
2010166,SIDCAY,010166
2010167,SININCAY,010167
2010168,TARQUI,010168
2010169,TURI,010169
2010170,VALLE,010170
2010171,VICTORIA DEL PORTETE (IRQUIS),010171
2011250,EL PAN,011250
2011253,SAN VICENTE,011253
2230105,RIO VERDE,230105
2230106,SANTO DOMINGO DE LOS COLORADOS,230106
2230107,ZARACAY,230107
3190352,NUEVO PARAISO,190352
1130903,EL COLORADO,130903
1130905,LEONIDAS PROAÑO,130905
1080151,ATACAMES,080151
1121103,LA NUEVA UNION,121103
1120702,VENTANAS,120702
1130453,SANTA MARIA (CAB EN SANTA MARIA),130453
1120803,SAN LORENZO DE VINCES,120803
1120801,BALZAR DE VINCES,120801
1121102,LA UNION,121102
1121101,VALENCIA,121101
1130454,EL PARAISO LA 14 (CAB EN EL PARAISO),130454
1120802,VINCES CENTRAL,120802
1120701,10 DE NOVIEMBRE,120701
1120753,CHACARITA,120753
1120754,LOS ANGELES,120754
1080265,SANTA LUCIA DE LAS PEÑAS,080265
1080851,MONTERREY,080851
1080852,LA VILLEGAS,080852
1080853,PLAN PILOTO,080853
3190752,TRIUNFO-DORADO,190752
3190753,PAGUINTZA,190753
2111453,MILAGROS,111453
NO TIENE,,O TIENE
1091054,ROBERTO ASTUDILLO (CAB. EN CRUCE DE VENECIA),091054
1120153,FEBRES CORDERO (LAS JUNTAS) (CAB. EN MATA DE CACAO),120153
1080255,LUIS VARGAS TORRES (CAB. EN PLAYA DE ORO),080255
1080558,SAN JAVIER DE CACHAVI (CAB. EN SAN JAVIER),080558
2060956,BILBAO (CAB. EN QUILLUYACU),060956
2111351,MANGAHURCO,111351
2110654,27 DE ABRIL (CAB. EN LA NARANJA),110654
1120851,ANTONIO SOTOMAYOR (CAB. EN PLAYAS DE VINCES),120851
3220355,LAGO SAN PEDRO,220355
3220157,INÉS ARANGO (CAB. EN WESTERN),220157
2060354,SANTIAGO DE QUITO (CAB. EN SAN ANTONIO DE QUITO),060354
2180652,YANAYACU - MOCHAPATA (CAB. EN YANAYACU),180652
1120351,LA ESMERALDA,120351
2060155,LICÁN,060155
2170130,SAN JUAN,170130
2170131,SOLANDA,170131
1090701,ELOY ALFARO (DURÁN),090701
2170132,TURUBAMBA,170132
2170256,SAN JOSÉ DE AYORA,170256
2050201,EL CARMEN,050201
1070251,CHACRAS,070251
1130402,4 DE DICIEMBRE,130402
2170153,ATAHUALPA (HABASPAMBA),170153
